chrom	pos	ref	alt	qual	filter	gt
12	33030802	T	C	124.00	PASS	0/1
11	64572018	T	C	384.00	PASS	1/1
1	156096387	G	A	383.00	PASS	1/1
17	7579472	G	C	419.00	PASS	1/1
17	41244429	C	T	186.00	PASS	0/1
3	123419573	G	T	352.00	PASS	1/1
17	41244435	T	C	159.00	PASS	0/1
17	41244435	T	C	159.00	PASS	0/1
17	41244000	T	C	202.00	PASS	0/1
3	37053568	A	G	521.00	PASS	1/1
3	38674699	G	A	138.00	PASS	0/1
7	151478502	C	T	243.00	PASS	0/1
15	67457335	A	G	171.00	PASS	0/1
17	41244000	T	C	405.00	PASS	1/1
11	111963860	A	G	391.00	PASS	1/1
3	38645378	G	T	118.00	PASS	0/1
3	37053568	A	G	211.00	PASS	0/1
11	64572018	T	C	279.00	PASS	1/1
2	47739551	A	G	125.00	PASS	0/1
17	41223094	T	C	426.00	PASS	1/1
2	21250914	G	A	533.00	PASS	1/1
17	7579472	G	C	168.00	PASS	0/1
7	6026988	G	A	368.00	PASS	1/1
17	41244936	G	A	196.00	PASS	0/1
19	11242133	G	A	245.00	PASS	0/1
7	6026988	G	A	352.00	PASS	1/1
7	6026988	G	A	192.00	PASS	0/1
17	41244936	G	A	196.00	PASS	0/1
1	45800156	C	T	135.00	PASS	0/1
3	37053568	A	G	237.00	PASS	0/1
3	123451773	G	C	449.00	PASS	1/1
17	41244435	T	C	231.00	PASS	0/1
3	38645378	G	T	118.00	PASS	0/1
3	37053568	A	G	186.00	PASS	0/1
1	55529187	G	A	223.00	PASS	1/1
17	41244936	G	A	558.00	PASS	1/1
12	33049590	C	T	163.00	PASS	0/1
17	41244000	T	C	160.00	PASS	0/1
9	135786904	A	G	110.00	PASS	0/1
1	55529187	G	A	227.00	PASS	1/1
1	45800156	C	T	135.00	PASS	0/1
3	38674699	G	A	113.00	PASS	0/1
17	41244435	T	C	159.00	PASS	0/1
17	7579472	G	C	419.00	PASS	1/1
7	6013049	C	G	3.00	LowGQX	0/1
3	38645420	T	C	84.00	PASS	0/1
1	45797505	C	G	111.00	PASS	0/1
1	55524237	G	A	324.00	PASS	1/1
17	41244435	T	C	151.00	PASS	0/1
1	156096387	G	A	170.00	PASS	0/1
3	38616876	C	T	110.00	PASS	0/1
3	38616876	C	T	110.00	PASS	0/1
3	37053568	A	G	218.00	PASS	0/1
3	38674699	G	A	138.00	PASS	0/1
3	38645420	T	C	82.00	PASS	0/1
19	11242133	G	A	141.00	PASS	0/1
7	150642517	G	A	131.00	PASS	0/1
11	47357479	C	T	106.00	PASS	0/1
3	37053568	A	G	521.00	PASS	1/1
12	33031309	T	C	140.00	PASS	0/1
11	64572018	T	C	305.00	PASS	1/1
10	43608354	G	A	101.00	PASS	0/1
2	21250914	G	A	593.00	PASS	1/1
17	41244936	G	A	419.00	PASS	1/1
1	45800156	C	T	135.00	PASS	0/1
3	14174427	A	T	65.00	PASS	0/1
3	38645420	T	C	114.00	PASS	0/1
17	41244936	G	A	558.00	PASS	1/1
17	41246481	T	C	202.00	PASS	0/1
17	41244429	C	T	202.00	PASS	0/1
7	6026942	G	T	157.00	PASS	0/1
17	41244435	T	C	462.00	PASS	1/1
3	14174427	A	T	183.00	PASS	0/1
10	43610119	G	A	147.00	PASS	0/1
3	37053568	A	G	218.00	PASS	0/1
17	7579472	G	C	250.00	PASS	1/1
7	6026988	G	A	138.00	PASS	0/1
7	6026942	G	T	157.00	PASS	0/1
3	123453061	A	G	315.00	PASS	1/1
3	123451773	G	C	454.00	PASS	1/1
5	112176756	T	A	444.00	PASS	1/1
3	123419573	G	T	352.00	PASS	1/1
17	41244435	T	C	151.00	PASS	0/1
3	37053568	A	G	237.00	PASS	0/1
1	237841390	A	G	142.00	PASS	0/1
7	6026775	T	C	405.00	PASS	1/1
17	7579472	G	C	173.00	PASS	0/1
3	38645420	T	C	82.00	PASS	0/1
1	45797505	C	G	88.00	PASS	0/1
3	37053568	A	G	211.00	PASS	0/1
17	41244000	T	C	455.00	PASS	1/1
7	6026988	G	A	337.00	PASS	1/1
11	111963860	A	G	496.00	PASS	1/1
3	38645420	T	C	290.00	PASS	1/1
7	6013049	C	G	7.00	LowGQX	0/1
10	43608354	G	A	101.00	PASS	0/1
19	11242133	G	A	141.00	PASS	0/1
19	11242133	G	A	157.00	PASS	0/1
1	45800156	C	T	135.00	PASS	0/1
17	41244000	T	C	455.00	PASS	1/1
1	45797505	C	G	189.00	PASS	0/1
3	123458823	C	A	150.00	PASS	0/1
1	156096417	T	G	100.00	PASS	0/1
17	41244435	T	C	151.00	PASS	0/1
1	55524237	G	A	152.00	PASS	0/1
5	112176756	T	A	481.00	PASS	1/1
17	41244936	G	A	133.00	PASS	0/1
1	45797505	C	G	111.00	PASS	0/1
3	38674699	G	A	113.00	PASS	0/1
7	6026775	T	C	405.00	PASS	1/1
3	38674699	G	A	113.00	PASS	0/1
19	39029201	G	A	131.00	PASS	0/1
3	38645378	G	T	118.00	PASS	0/1
17	41244936	G	A	558.00	PASS	1/1
1	55529187	G	A	438.00	PASS	1/1
1	237841390	A	G	142.00	PASS	0/1
5	112176756	T	A	558.00	PASS	1/1
3	123451773	G	C	478.00	PASS	1/1
3	123458823	C	A	212.00	PASS	0/1
3	38645378	G	T	100.00	PASS	0/1
2	48010488	G	A	158.00	PASS	0/1
11	64572018	T	C	279.00	PASS	1/1
1	55529187	G	A	204.00	PASS	1/1
1	55505668	C	T	104.00	PASS	0/1
17	7579472	G	C	353.00	PASS	1/1
3	38674699	G	A	113.00	PASS	0/1
17	7579472	G	C	173.00	PASS	0/1
5	112176756	T	A	181.00	PASS	0/1
7	6026775	T	C	339.00	PASS	1/1
1	55529187	G	A	332.00	PASS	1/1
12	33030802	T	C	124.00	PASS	0/1
3	123451773	G	C	463.00	PASS	1/1
17	7579472	G	C	353.00	PASS	1/1
7	6026988	G	A	149.00	PASS	0/1
17	41246481	T	C	202.00	PASS	0/1
17	41244936	G	A	196.00	PASS	0/1
3	123457893	G	A	418.00	PASS	1/1
2	21232803	T	C	619.00	PASS	1/1
17	41244435	T	C	468.00	PASS	1/1
2	48010488	G	A	25.00	LowGQX	0/1
17	41244936	G	A	558.00	PASS	1/1
17	41244435	T	C	151.00	PASS	0/1
7	6026775	T	C	368.00	PASS	1/1
19	11242133	G	A	157.00	PASS	0/1
3	123453061	A	G	315.00	PASS	1/1
17	41244936	G	A	196.00	PASS	0/1
2	21231524	G	A	232.00	PASS	0/1
17	41244429	C	T	202.00	PASS	0/1
3	38645420	T	C	111.00	PASS	0/1
1	156096387	G	A	170.00	PASS	0/1
17	41244936	G	A	558.00	PASS	1/1
3	38674699	G	A	138.00	PASS	0/1
17	7579472	G	C	153.00	PASS	0/1
17	41244936	G	A	196.00	PASS	0/1
1	156096387	G	A	383.00	PASS	1/1
7	150645534	T	G	25.00	LowGQX	0/1
1	201052310	A	T	1.00	LowGQX	0/1
11	111963860	A	G	391.00	PASS	1/1
17	41244000	T	C	160.00	PASS	0/1
17	41223094	T	C	201.00	PASS	0/1
5	112176756	T	A	558.00	PASS	1/1
3	38645420	T	C	114.00	PASS	0/1
15	67457335	A	G	208.00	PASS	0/1
7	6013049	C	G	10.00	LowGQX	0/1
17	7579472	G	C	353.00	PASS	1/1
11	2610034	C	G	153.00	PASS	0/1
9	135786904	A	G	110.00	PASS	0/1
17	41244000	T	C	405.00	PASS	1/1
7	6026988	G	A	169.00	PASS	0/1
3	123451773	G	C	386.00	PASS	1/1
11	111963860	A	G	443.00	PASS	1/1
17	41244435	T	C	151.00	PASS	0/1
5	112176756	T	A	657.00	PASS	1/1
17	41244936	G	A	419.00	PASS	1/1
17	41244000	T	C	202.00	PASS	0/1
7	6026775	T	C	481.00	PASS	1/1
3	38645420	T	C	150.00	PASS	0/1
17	41244000	T	C	160.00	PASS	0/1
7	6026775	T	C	481.00	PASS	1/1
17	41244936	G	A	133.00	PASS	0/1
5	112176756	T	A	449.00	PASS	1/1
17	41223094	T	C	230.00	PASS	0/1
17	41244000	T	C	160.00	PASS	0/1
3	38616876	C	T	110.00	PASS	0/1
7	6026775	T	C	122.00	PASS	0/1
13	32929387	T	C	516.00	PASS	1/1
11	111963860	A	G	391.00	PASS	1/1
17	41244429	C	T	202.00	PASS	0/1
19	11242133	G	A	157.00	PASS	0/1
10	43608354	G	A	101.00	PASS	0/1
17	7579472	G	C	355.00	PASS	1/1
3	38645420	T	C	84.00	PASS	0/1
17	41244429	C	T	186.00	PASS	0/1
15	67457335	A	G	373.00	PASS	1/1
15	67457335	A	G	511.00	PASS	1/1
11	111963860	A	G	264.00	PASS	1/1
17	41244000	T	C	142.00	PASS	0/1
17	41244936	G	A	133.00	PASS	0/1
11	64572018	T	C	338.00	PASS	1/1
17	41244000	T	C	214.00	PASS	0/1
17	41244936	G	A	419.00	PASS	1/1
17	41244936	G	A	272.00	PASS	0/1
3	38645420	T	C	114.00	PASS	0/1
17	41223094	T	C	230.00	PASS	0/1
7	6026775	T	C	479.00	PASS	1/1
17	41244429	C	T	186.00	PASS	0/1
1	156096417	T	G	196.00	PASS	0/1
3	37053568	A	G	211.00	PASS	0/1
17	7579472	G	C	419.00	PASS	1/1
19	55667647	C	A	76.00	PASS	0/1
17	41244936	G	A	272.00	PASS	0/1
17	41246481	T	C	202.00	PASS	0/1
3	38616876	C	T	110.00	PASS	0/1
3	38645420	T	C	150.00	PASS	0/1
17	41244000	T	C	405.00	PASS	1/1
3	123419573	G	T	352.00	PASS	1/1
2	21225485	C	G	173.00	PASS	0/1
3	123451773	G	C	304.00	PASS	1/1
3	38645378	G	T	100.00	PASS	0/1
11	47364602	C	T	130.00	PASS	0/1
17	41244435	T	C	179.00	PASS	0/1
3	38645420	T	C	290.00	PASS	1/1
7	6026988	G	A	352.00	PASS	1/1
3	123419733	A	G	369.00	PASS	1/1
2	21231524	G	A	134.00	PASS	0/1
3	123457893	G	A	429.00	PASS	1/1
13	32929387	T	C	599.00	PASS	1/1
1	55524237	G	A	145.00	PASS	0/1
16	15844140	G	A	131.00	PASS	0/1
17	41244429	C	T	202.00	PASS	0/1
17	41244000	T	C	202.00	PASS	0/1
17	41244435	T	C	179.00	PASS	0/1
2	21225281	C	T	149.00	PASS	0/1
11	64572018	T	C	78.00	PASS	0/1
7	6026775	T	C	481.00	PASS	1/1
7	6013049	C	G	10.00	LowGQX	0/1
18	29122799	G	A	171.00	PASS	0/1
3	123457893	G	A	368.00	PASS	1/1
3	38645378	G	T	100.00	PASS	0/1
13	32906729	A	C	335.00	PASS	1/1
17	41244000	T	C	160.00	PASS	0/1
17	7579472	G	C	153.00	PASS	0/1
3	123457893	G	A	425.00	PASS	1/1
3	123457893	G	A	368.00	PASS	1/1
1	45797505	C	G	88.00	PASS	0/1
17	41223094	T	C	209.00	PASS	0/1
17	41244936	G	A	133.00	PASS	0/1
17	41244000	T	C	160.00	PASS	0/1
1	55524237	G	A	388.00	PASS	1/1
1	45800156	C	T	135.00	PASS	0/1
17	41244435	T	C	468.00	PASS	1/1
7	6026775	T	C	368.00	PASS	1/1
3	38645420	T	C	114.00	PASS	0/1
16	15818842	A	G	122.00	PASS	0/1
17	7579472	G	C	355.00	PASS	1/1
1	45797505	C	G	88.00	PASS	0/1
13	32929387	T	C	669.00	PASS	1/1
1	55524237	G	A	243.00	PASS	1/1
11	111963860	A	G	411.00	PASS	1/1
13	32906729	A	C	183.00	PASS	0/1
19	11242133	G	A	141.00	PASS	0/1
3	37053568	A	G	237.00	PASS	0/1
1	45797505	C	G	161.00	PASS	0/1
11	47370041	T	C	191.00	PASS	0/1
2	189875421	T	G	440.00	PASS	1/1
7	6026775	T	C	368.00	PASS	1/1
1	201047133	C	A	110.00	PASS	0/1
3	38645420	T	C	290.00	PASS	1/1
2	21250914	G	A	199.00	PASS	0/1
19	11233940	G	A	191.00	PASS	0/1
17	41244429	C	T	186.00	PASS	0/1
11	111963860	A	G	308.00	PASS	1/1
3	123451773	G	C	454.00	PASS	1/1
11	64572018	T	C	279.00	PASS	1/1
1	156096417	T	G	100.00	PASS	0/1
9	135786904	A	G	110.00	PASS	0/1
18	28649042	T	C	128.00	PASS	0/1
11	64572018	T	C	376.00	PASS	1/1
11	64572018	T	C	380.00	PASS	1/1
7	6026775	T	C	368.00	PASS	1/1
19	11242133	G	A	245.00	PASS	0/1
3	38674699	G	A	113.00	PASS	0/1
17	41223094	T	C	581.00	PASS	1/1
1	156099669	T	G	118.00	PASS	0/1
2	21249716	C	T	145.00	PASS	0/1
3	123451773	G	C	304.00	PASS	1/1
17	41244000	T	C	455.00	PASS	1/1
17	41244936	G	A	558.00	PASS	1/1
3	37053568	A	G	218.00	PASS	0/1
11	64572018	T	C	437.00	PASS	1/1
3	38645420	T	C	82.00	PASS	0/1
17	41244429	C	T	202.00	PASS	0/1
7	6026775	T	C	378.00	PASS	1/1
1	45797505	C	G	88.00	PASS	0/1
12	33021934	A	G	158.00	PASS	0/1
1	156096417	T	G	196.00	PASS	0/1
5	112176756	T	A	231.00	PASS	0/1
11	64572018	T	C	376.00	PASS	1/1
7	6026775	T	C	368.00	PASS	1/1
3	38645420	T	C	290.00	PASS	1/1
17	41244936	G	A	133.00	PASS	0/1
17	41244936	G	A	175.00	PASS	0/1
17	41223094	T	C	201.00	PASS	0/1
1	156814027	G	A	107.00	PASS	0/1
3	123457893	G	A	353.00	PASS	1/1
3	123457893	G	A	418.00	PASS	1/1
1	55524237	G	A	346.00	PASS	1/1
17	41223094	T	C	230.00	PASS	0/1
1	156099669	T	G	471.00	PASS	1/1
3	38645420	T	C	111.00	PASS	0/1
16	15931893	T	G	126.00	PASS	0/1
3	38645420	T	C	84.00	PASS	0/1
2	21225281	C	T	626.00	PASS	1/1
5	112176756	T	A	480.00	PASS	1/1
1	55529187	G	A	283.00	PASS	1/1
1	55524237	G	A	146.00	PASS	0/1
3	38645420	T	C	111.00	PASS	0/1
17	7579472	G	C	106.00	PASS	0/1
17	41244000	T	C	214.00	PASS	0/1
17	41244000	T	C	160.00	PASS	0/1
17	41244435	T	C	462.00	PASS	1/1
1	55505668	C	T	89.00	PASS	0/1
13	32929387	T	C	542.00	PASS	1/1
1	45800156	C	T	135.00	PASS	0/1
3	123451773	G	C	449.00	PASS	1/1
17	41244000	T	C	455.00	PASS	1/1
3	38645378	G	T	118.00	PASS	0/1
2	47739551	A	G	569.00	PASS	1/1
19	11242133	G	A	245.00	PASS	0/1
7	6026988	G	A	149.00	PASS	0/1
9	135786904	A	G	104.00	PASS	0/1
11	111963860	A	G	188.00	PASS	1/1
3	123451773	G	C	454.00	PASS	1/1
3	123453061	A	G	315.00	PASS	1/1
5	112178795	G	A	197.00	PASS	0/1
17	41244936	G	A	419.00	PASS	1/1
13	32929387	T	C	402.00	PASS	1/1
3	37053568	A	G	106.00	PASS	0/1
2	189875421	T	G	603.00	PASS	1/1
17	41244000	T	C	142.00	PASS	0/1
17	7579472	G	C	106.00	PASS	0/1
17	41223094	T	C	581.00	PASS	1/1
17	41244936	G	A	175.00	PASS	0/1
14	23889244	T	C	0.00	LowGQX	0/1
17	41244936	G	A	272.00	PASS	0/1
13	32906729	A	C	220.00	PASS	0/1
5	112176756	T	A	481.00	PASS	1/1
16	15818842	A	G	122.00	PASS	0/1
13	32906729	A	C	194.00	PASS	0/1
1	156814027	G	A	113.00	PASS	0/1
3	38645420	T	C	114.00	PASS	0/1
11	111963860	A	G	308.00	PASS	1/1
17	41223094	T	C	225.00	PASS	0/1
3	123419573	G	T	341.00	PASS	1/1
13	32929387	T	C	599.00	PASS	1/1
13	32906729	A	C	227.00	PASS	0/1
3	123457893	G	A	339.00	PASS	1/1
17	41244435	T	C	179.00	PASS	0/1
17	41244435	T	C	151.00	PASS	0/1
11	64572018	T	C	380.00	PASS	1/1
17	41244000	T	C	160.00	PASS	0/1
3	37053568	A	G	137.00	PASS	0/1
17	7579472	G	C	106.00	PASS	0/1
15	67457335	A	G	370.00	PASS	1/1
17	41244936	G	A	419.00	PASS	1/1
17	41244000	T	C	202.00	PASS	0/1
3	123457893	G	A	453.00	PASS	1/1
15	67457335	A	G	370.00	PASS	1/1
2	21232803	T	C	733.00	PASS	1/1
1	55529187	G	A	438.00	PASS	1/1
7	6026775	T	C	101.00	PASS	0/1
7	6026775	T	C	436.00	PASS	1/1
19	39008026	A	G	111.00	PASS	0/1
11	64572018	T	C	437.00	PASS	1/1
1	156099669	T	G	118.00	PASS	0/1
3	38645420	T	C	150.00	PASS	0/1
2	21232803	T	C	460.00	PASS	1/1
3	38674699	G	A	138.00	PASS	0/1
1	156099669	T	G	105.00	PASS	0/1
17	41246481	T	C	202.00	PASS	0/1
7	6026775	T	C	326.00	PASS	1/1
17	7579472	G	C	153.00	PASS	0/1
3	123419733	A	G	369.00	PASS	1/1
17	41244936	G	A	558.00	PASS	1/1
3	37053568	A	G	218.00	PASS	0/1
12	33031309	T	C	140.00	PASS	0/1
3	123453061	A	G	315.00	PASS	1/1
17	7579472	G	C	353.00	PASS	1/1
7	6026988	G	A	357.00	PASS	1/1
17	41223094	T	C	581.00	PASS	1/1
17	41244000	T	C	202.00	PASS	0/1
17	41244000	T	C	202.00	PASS	0/1
11	64572018	T	C	78.00	PASS	0/1
2	189875421	T	G	562.00	PASS	1/1
17	7579472	G	C	355.00	PASS	1/1
17	7579472	G	C	173.00	PASS	0/1
1	156096387	G	A	163.00	PASS	0/1
3	38645420	T	C	111.00	PASS	0/1
6	7565727	A	T	144.00	PASS	0/1
19	11242133	G	A	245.00	PASS	0/1
3	38645378	G	T	100.00	PASS	0/1
3	123457893	G	A	418.00	PASS	1/1
17	7579472	G	C	153.00	PASS	0/1
3	38645420	T	C	84.00	PASS	0/1
3	123419733	A	G	402.00	PASS	1/1
3	123419733	A	G	402.00	PASS	1/1
19	39055854	A	G	98.00	PASS	0/1
15	67457335	A	G	322.00	PASS	1/1
17	7579472	G	C	419.00	PASS	1/1
5	112176756	T	A	181.00	PASS	0/1
17	41244000	T	C	142.00	PASS	0/1
3	38645378	G	T	118.00	PASS	0/1
12	33021934	A	G	444.00	PASS	1/1
16	2138570	C	T	127.00	PASS	0/1
12	33021934	A	G	112.00	PASS	0/1
3	123451773	G	C	454.00	PASS	1/1
17	41244429	C	T	186.00	PASS	0/1
5	112176756	T	A	558.00	PASS	1/1
3	123457893	G	A	429.00	PASS	1/1
2	48010488	G	A	158.00	PASS	0/1
17	7579472	G	C	353.00	PASS	1/1
7	6026775	T	C	378.00	PASS	1/1
7	150645534	T	G	73.00	PASS	0/1
17	7579472	G	C	419.00	PASS	1/1
17	41244000	T	C	202.00	PASS	0/1
17	41244936	G	A	272.00	PASS	0/1
17	41244000	T	C	455.00	PASS	1/1
3	123457893	G	A	353.00	PASS	1/1
3	14174427	A	T	183.00	PASS	0/1
16	15931893	T	G	126.00	PASS	0/1
17	7579472	G	C	355.00	PASS	1/1
11	111963860	A	G	348.00	PASS	1/1
7	6026775	T	C	368.00	PASS	1/1
11	64572018	T	C	395.00	PASS	1/1
11	64572018	T	C	380.00	PASS	1/1
1	55524237	G	A	243.00	PASS	1/1
3	123419733	A	G	327.00	PASS	1/1
1	45797505	C	G	161.00	PASS	0/1
17	41244429	C	T	202.00	PASS	0/1
13	32929387	T	C	516.00	PASS	1/1
7	151478502	C	T	243.00	PASS	0/1
3	123457893	G	A	418.00	PASS	1/1
1	55505668	C	T	104.00	PASS	0/1
1	55524237	G	A	257.00	PASS	1/1
17	7579472	G	C	353.00	PASS	1/1
2	189875421	T	G	484.00	PASS	1/1
17	41244936	G	A	196.00	PASS	0/1
11	64572018	T	C	384.00	PASS	1/1
11	111963860	A	G	308.00	PASS	1/1
17	41244936	G	A	558.00	PASS	1/1
7	6026988	G	A	138.00	PASS	0/1
1	55529187	G	A	219.00	PASS	1/1
7	150645534	T	G	31.00	PASS	0/1
17	41244936	G	A	133.00	PASS	0/1
1	156096417	T	G	434.00	PASS	1/1
16	2138544	C	G	217.00	PASS	0/1
17	41244435	T	C	468.00	PASS	1/1
17	7579472	G	C	355.00	PASS	1/1
1	156838297	G	C	225.00	PASS	0/1
3	123451773	G	C	369.00	PASS	1/1
17	7579472	G	C	353.00	PASS	1/1
17	41246481	T	C	202.00	PASS	0/1
3	123419733	A	G	402.00	PASS	1/1
11	111963860	A	G	496.00	PASS	1/1
3	37053568	A	G	211.00	PASS	0/1
7	150645534	T	G	23.00	LowGQX	0/1
17	7579472	G	C	168.00	PASS	0/1
3	123419733	A	G	327.00	PASS	1/1
17	41246481	T	C	202.00	PASS	0/1
17	41244000	T	C	214.00	PASS	0/1
19	39008026	A	G	111.00	PASS	0/1
5	112176756	T	A	374.00	PASS	1/1
7	6026988	G	A	192.00	PASS	0/1
17	41223094	T	C	201.00	PASS	0/1
17	41244435	T	C	179.00	PASS	0/1
17	41244435	T	C	462.00	PASS	1/1
1	45797505	C	G	161.00	PASS	0/1
3	123451773	G	C	386.00	PASS	1/1
7	6026775	T	C	481.00	PASS	1/1
17	7579472	G	C	355.00	PASS	1/1
7	6026775	T	C	343.00	PASS	1/1
3	123457893	G	A	344.00	PASS	1/1
2	21232803	T	C	592.00	PASS	1/1
16	2138544	C	G	217.00	PASS	0/1
17	41244000	T	C	142.00	PASS	0/1
17	41244000	T	C	455.00	PASS	1/1
3	123457893	G	A	489.00	PASS	1/1
17	41244936	G	A	272.00	PASS	0/1
7	6026775	T	C	101.00	PASS	0/1
1	156096387	G	A	383.00	PASS	1/1
3	38674699	G	A	113.00	PASS	0/1
9	135786904	A	G	104.00	PASS	0/1
17	41223094	T	C	225.00	PASS	0/1
2	48010488	G	A	158.00	PASS	0/1
17	41244000	T	C	455.00	PASS	1/1
1	45797505	C	G	78.00	PASS	0/1
7	6026988	G	A	169.00	PASS	0/1
7	6026775	T	C	405.00	PASS	1/1
7	6026988	G	A	352.00	PASS	1/1
1	201052310	A	T	4.00	LowGQX	0/1
11	47370041	T	C	122.00	PASS	0/1
3	123451773	G	C	467.00	PASS	1/1
6	7581636	G	A	114.00	PASS	0/1
1	156814027	G	A	75.00	PASS	0/1
3	38645420	T	C	84.00	PASS	0/1
2	21231524	G	A	549.00	PASS	1/1
17	7579472	G	C	173.00	PASS	0/1
3	123451773	G	C	478.00	PASS	1/1
2	21232803	T	C	453.00	PASS	1/1
17	41244435	T	C	468.00	PASS	1/1
17	41244429	C	T	202.00	PASS	0/1
17	41244000	T	C	405.00	PASS	1/1
17	41244435	T	C	159.00	PASS	0/1
3	123457893	G	A	394.00	PASS	1/1
17	41244435	T	C	462.00	PASS	1/1
11	111963860	A	G	129.00	PASS	0/1
17	41244936	G	A	175.00	PASS	0/1
17	41244435	T	C	151.00	PASS	0/1
1	45797505	C	G	78.00	PASS	0/1
17	41244429	C	T	186.00	PASS	0/1
17	41244936	G	A	419.00	PASS	1/1
17	41244435	T	C	179.00	PASS	0/1
17	41244000	T	C	455.00	PASS	1/1
7	6026775	T	C	368.00	PASS	1/1
3	38645420	T	C	150.00	PASS	0/1
19	55667647	C	A	76.00	PASS	0/1
17	41244936	G	A	419.00	PASS	1/1
1	201052310	A	T	115.00	PASS	0/1
19	11242133	G	A	245.00	PASS	0/1
17	7579472	G	C	106.00	PASS	0/1
1	45797505	C	G	88.00	PASS	0/1
3	123457893	G	A	394.00	PASS	1/1
3	123457893	G	A	418.00	PASS	1/1
17	7579472	G	C	353.00	PASS	1/1
17	41244000	T	C	202.00	PASS	0/1
12	33030802	T	C	111.00	PASS	0/1
1	55529187	G	A	377.00	PASS	1/1
3	123457893	G	A	339.00	PASS	1/1
7	6026775	T	C	339.00	PASS	1/1
18	29104714	A	G	218.00	PASS	0/1
1	55529187	G	A	328.00	PASS	1/1
19	11242133	G	A	157.00	PASS	0/1
17	7579472	G	C	250.00	PASS	1/1
13	32929387	T	C	657.00	PASS	1/1
17	41244429	C	T	202.00	PASS	0/1
7	6026988	G	A	149.00	PASS	0/1
3	38645420	T	C	111.00	PASS	0/1
17	41244435	T	C	468.00	PASS	1/1
1	45797505	C	G	88.00	PASS	0/1
11	64572018	T	C	338.00	PASS	1/1
3	37053568	A	G	521.00	PASS	1/1
1	45797505	C	G	189.00	PASS	0/1
3	123457893	G	A	353.00	PASS	1/1
17	41244936	G	A	175.00	PASS	0/1
1	45797505	C	G	111.00	PASS	0/1
2	21250914	G	A	175.00	PASS	0/1
3	38616876	C	T	110.00	PASS	0/1
3	123419733	A	G	402.00	PASS	1/1
17	7579472	G	C	82.00	PASS	0/1
3	38645420	T	C	150.00	PASS	0/1
7	6026988	G	A	138.00	PASS	0/1
7	6013049	C	G	7.00	LowGQX	0/1
17	41244429	C	T	186.00	PASS	0/1
1	45797505	C	G	189.00	PASS	0/1
18	29126558	C	T	157.00	PASS	0/1
17	41246481	T	C	202.00	PASS	0/1
19	39029201	G	A	126.00	PASS	0/1
17	41244435	T	C	231.00	PASS	0/1
1	156096387	G	A	170.00	PASS	0/1
2	21225281	C	T	603.00	PASS	1/1
3	38645420	T	C	82.00	PASS	0/1
17	41223094	T	C	225.00	PASS	0/1
17	41244936	G	A	272.00	PASS	0/1
3	37053568	A	G	521.00	PASS	1/1
17	41244435	T	C	159.00	PASS	0/1
3	123458823	C	A	150.00	PASS	0/1
1	45797505	C	G	161.00	PASS	0/1
17	7579472	G	C	250.00	PASS	1/1
3	37053568	A	G	218.00	PASS	0/1
1	55524237	G	A	145.00	PASS	0/1
3	123457893	G	A	480.00	PASS	1/1
3	123451773	G	C	475.00	PASS	1/1
17	41244000	T	C	202.00	PASS	0/1
3	37053568	A	G	186.00	PASS	0/1
17	41244435	T	C	468.00	PASS	1/1
11	64572018	T	C	376.00	PASS	1/1
17	7579472	G	C	355.00	PASS	1/1
6	7565727	A	T	144.00	PASS	0/1
17	41244000	T	C	214.00	PASS	0/1
7	6026988	G	A	99.00	PASS	0/1
12	33021934	A	G	158.00	PASS	0/1
11	2869129	G	A	91.00	PASS	0/1
2	21252534	G	A	112.00	PASS	0/1
1	45800156	C	T	135.00	PASS	0/1
19	11242133	G	A	157.00	PASS	0/1
1	45797505	C	G	88.00	PASS	0/1
17	41244435	T	C	231.00	PASS	0/1
3	123457893	G	A	429.00	PASS	1/1
2	189864080	G	A	110.00	PASS	0/1
3	123451773	G	C	467.00	PASS	1/1
3	37053568	A	G	186.00	PASS	0/1
11	64572018	T	C	437.00	PASS	1/1
3	123458823	C	A	212.00	PASS	0/1
2	189875421	T	G	683.00	PASS	1/1
5	112178795	G	A	140.00	PASS	0/1
17	41244936	G	A	133.00	PASS	0/1
3	38645420	T	C	114.00	PASS	0/1
18	29099850	G	A	104.00	PASS	0/1
13	32929387	T	C	372.00	PASS	1/1
1	45797505	C	G	111.00	PASS	0/1
16	15931893	T	G	126.00	PASS	0/1
1	45797505	C	G	161.00	PASS	0/1
7	6026988	G	A	110.00	PASS	0/1
17	41244936	G	A	175.00	PASS	0/1
3	123453061	A	G	285.00	PASS	1/1
11	111963860	A	G	411.00	PASS	1/1
1	156096387	G	A	383.00	PASS	1/1
3	123457893	G	A	480.00	PASS	1/1
3	38645420	T	C	111.00	PASS	0/1
5	112176756	T	A	480.00	PASS	1/1
17	41244000	T	C	214.00	PASS	0/1
14	23893148	C	G	113.00	PASS	0/1
1	45797505	C	G	189.00	PASS	0/1
1	156099669	T	G	105.00	PASS	0/1
3	37053568	A	G	211.00	PASS	0/1
3	37053568	A	G	237.00	PASS	0/1
17	41244936	G	A	175.00	PASS	0/1
12	33021934	A	G	158.00	PASS	0/1
11	64572018	T	C	305.00	PASS	1/1
3	38645420	T	C	82.00	PASS	0/1
17	7579472	G	C	82.00	PASS	0/1
17	41223094	T	C	209.00	PASS	0/1
15	67457335	A	G	197.00	PASS	0/1
17	41244936	G	A	558.00	PASS	1/1
3	38645378	G	T	118.00	PASS	0/1
17	41223094	T	C	201.00	PASS	0/1
2	21232803	T	C	375.00	PASS	1/1
17	41244936	G	A	175.00	PASS	0/1
3	37053568	A	G	106.00	PASS	0/1
7	6026988	G	A	368.00	PASS	1/1
2	21231524	G	A	327.00	PASS	1/1
19	39008026	A	G	165.00	PASS	0/1
3	38645420	T	C	290.00	PASS	1/1
3	37053568	A	G	106.00	PASS	0/1
17	41244936	G	A	175.00	PASS	0/1
2	48010488	G	A	25.00	LowGQX	0/1
17	41244000	T	C	214.00	PASS	0/1
1	156096417	T	G	434.00	PASS	1/1
11	64572018	T	C	338.00	PASS	1/1
6	7580958	A	G	200.00	PASS	0/1
2	189875421	T	G	374.00	PASS	1/1
17	41244435	T	C	159.00	PASS	0/1
2	21225753	C	T	116.00	PASS	0/1
1	156096387	G	A	383.00	PASS	1/1
2	21232803	T	C	547.00	PASS	1/1
2	21250914	G	A	539.00	PASS	1/1
3	123457893	G	A	425.00	PASS	1/1
3	123419733	A	G	369.00	PASS	1/1
19	11242133	G	A	141.00	PASS	0/1
17	41244435	T	C	231.00	PASS	0/1
17	41244936	G	A	272.00	PASS	0/1
15	67457335	A	G	171.00	PASS	0/1
11	64572018	T	C	437.00	PASS	1/1
3	14175262	T	C	134.00	PASS	0/1
3	38645420	T	C	290.00	PASS	1/1
19	11242133	G	A	141.00	PASS	0/1
3	37053568	A	G	186.00	PASS	0/1
3	38674699	G	A	113.00	PASS	0/1
17	7579472	G	C	353.00	PASS	1/1
2	48010488	G	A	147.00	PASS	0/1
17	7579472	G	C	168.00	PASS	0/1
17	41244000	T	C	142.00	PASS	0/1
3	38645420	T	C	111.00	PASS	0/1
17	41244936	G	A	175.00	PASS	0/1
1	156099669	T	G	471.00	PASS	1/1
2	189875421	T	G	381.00	PASS	1/1
3	123451773	G	C	304.00	PASS	1/1
17	7579472	G	C	414.00	PASS	1/1
19	55668029	G	T	184.00	PASS	0/1
17	41223094	T	C	225.00	PASS	0/1
17	41244936	G	A	272.00	PASS	0/1
1	156096417	T	G	196.00	PASS	0/1
13	32911463	A	G	162.00	PASS	0/1
3	38645420	T	C	290.00	PASS	1/1
11	111963860	A	G	348.00	PASS	1/1
3	38645378	G	T	118.00	PASS	0/1
19	55668029	G	T	131.00	PASS	0/1
17	41244000	T	C	214.00	PASS	0/1
3	123451773	G	C	346.00	PASS	1/1
17	41244000	T	C	142.00	PASS	0/1
7	6026775	T	C	101.00	PASS	0/1
7	6013049	C	G	3.00	LowGQX	0/1
7	6013049	C	G	7.00	LowGQX	0/1
6	7580958	A	G	140.00	PASS	0/1
2	47739551	A	G	540.00	PASS	1/1
17	7579472	G	C	82.00	PASS	0/1
17	41244936	G	A	419.00	PASS	1/1
3	37053568	A	G	218.00	PASS	0/1
11	111963860	A	G	264.00	PASS	1/1
11	64572018	T	C	78.00	PASS	0/1
3	38645420	T	C	84.00	PASS	0/1
1	45797505	C	G	161.00	PASS	0/1
3	38645420	T	C	82.00	PASS	0/1
17	41223094	T	C	581.00	PASS	1/1
2	21225281	C	T	238.00	PASS	0/1
17	41223094	T	C	230.00	PASS	0/1
3	123457893	G	A	489.00	PASS	1/1
1	55524237	G	A	177.00	PASS	0/1
17	41244000	T	C	214.00	PASS	0/1
17	7579472	G	C	250.00	PASS	1/1
1	156096387	G	A	163.00	PASS	0/1
19	39055854	A	T	0.00	LowGQX;HighDPFRatio	0/1
19	39029201	G	A	126.00	PASS	0/1
5	112176756	T	A	463.00	PASS	1/1
3	37053568	A	G	211.00	PASS	0/1
17	41244000	T	C	142.00	PASS	0/1
9	135786904	A	G	110.00	PASS	0/1
3	37053568	A	G	521.00	PASS	1/1
17	41244435	T	C	231.00	PASS	0/1
12	33030802	T	C	111.00	PASS	0/1
2	189875421	T	G	514.00	PASS	1/1
17	41244435	T	C	159.00	PASS	0/1
12	33030802	T	C	124.00	PASS	0/1
17	41244435	T	C	462.00	PASS	1/1
1	45797505	C	G	189.00	PASS	0/1
3	14174427	A	T	118.00	PASS	0/1
17	41244435	T	C	159.00	PASS	0/1
17	7579472	G	C	168.00	PASS	0/1
1	156096387	G	A	170.00	PASS	0/1
11	47370041	T	C	122.00	PASS	0/1
17	41244000	T	C	160.00	PASS	0/1
7	6026988	G	A	110.00	PASS	0/1
3	123419573	G	T	341.00	PASS	1/1
3	37053568	A	G	237.00	PASS	0/1
17	41244936	G	A	133.00	PASS	0/1
11	47357479	C	T	149.00	PASS	0/1
3	37053568	A	G	218.00	PASS	0/1
17	41244936	G	A	175.00	PASS	0/1
7	6026988	G	A	357.00	PASS	1/1
17	41223094	T	C	230.00	PASS	0/1
17	41223094	T	C	201.00	PASS	0/1
7	6026775	T	C	479.00	PASS	1/1
1	45797505	C	G	189.00	PASS	0/1
17	41244936	G	A	272.00	PASS	0/1
3	123457893	G	A	453.00	PASS	1/1
17	41244936	G	A	419.00	PASS	1/1
6	7580958	A	G	200.00	PASS	0/1
7	6026775	T	C	378.00	PASS	1/1
17	41244000	T	C	160.00	PASS	0/1
3	38645378	G	T	100.00	PASS	0/1
1	45797505	C	G	88.00	PASS	0/1
14	23889250	T	C	0.00	LowGQX;HighDPFRatio	0/1
1	45797505	C	G	78.00	PASS	0/1
16	15844140	G	A	131.00	PASS	0/1
3	123457893	G	A	353.00	PASS	1/1
5	112176756	T	A	231.00	PASS	0/1
17	7579472	G	C	153.00	PASS	0/1
17	41246481	T	C	202.00	PASS	0/1
1	55505668	C	T	108.00	PASS	0/1
13	32929387	T	C	546.00	PASS	1/1
3	38616876	C	T	110.00	PASS	0/1
17	41244435	T	C	231.00	PASS	0/1
19	11242133	G	A	245.00	PASS	0/1
17	7579472	G	C	371.00	PASS	1/1
17	41244000	T	C	142.00	PASS	0/1
1	45797505	C	G	111.00	PASS	0/1
3	38616876	C	T	110.00	PASS	0/1
7	6026775	T	C	339.00	PASS	1/1
5	112176756	T	A	463.00	PASS	1/1
17	41244000	T	C	405.00	PASS	1/1
17	41244936	G	A	558.00	PASS	1/1
5	112176756	T	A	176.00	PASS	0/1
17	41223094	T	C	201.00	PASS	0/1
3	38645378	G	T	100.00	PASS	0/1
7	150645534	T	G	73.00	PASS	0/1
17	7579472	G	C	353.00	PASS	1/1
15	67457335	A	G	511.00	PASS	1/1
11	64572018	T	C	305.00	PASS	1/1
17	41223094	T	C	230.00	PASS	0/1
7	151478502	C	T	243.00	PASS	0/1
17	41244936	G	A	558.00	PASS	1/1
3	37053568	A	G	237.00	PASS	0/1
3	123451773	G	C	467.00	PASS	1/1
2	47643457	G	A	219.00	PASS	0/1
19	39029201	G	A	85.00	PASS	0/1
1	45797505	C	G	78.00	PASS	0/1
7	6026775	T	C	122.00	PASS	0/1
17	41244000	T	C	405.00	PASS	1/1
16	15844140	G	A	131.00	PASS	0/1
3	123457893	G	A	453.00	PASS	1/1
7	6026988	G	A	169.00	PASS	0/1
7	6026775	T	C	479.00	PASS	1/1
1	156096387	G	A	170.00	PASS	0/1
11	64572018	T	C	384.00	PASS	1/1
17	41244936	G	A	196.00	PASS	0/1
5	112176756	T	A	176.00	PASS	0/1
17	41244000	T	C	405.00	PASS	1/1
3	123457893	G	A	368.00	PASS	1/1
3	123457893	G	A	394.00	PASS	1/1
19	39008026	A	G	111.00	PASS	0/1
3	123457893	G	A	453.00	PASS	1/1
3	123457893	G	A	493.00	PASS	1/1
19	11242133	G	A	157.00	PASS	0/1
3	38645378	G	T	100.00	PASS	0/1
17	41246481	T	C	202.00	PASS	0/1
3	123451773	G	C	454.00	PASS	1/1
17	41244936	G	A	558.00	PASS	1/1
7	150645534	T	G	41.00	PASS	0/1
17	41244936	G	A	558.00	PASS	1/1
11	111963860	A	G	323.00	PASS	1/1
1	45797505	C	G	189.00	PASS	0/1
17	41244435	T	C	468.00	PASS	1/1
17	41244000	T	C	405.00	PASS	1/1
17	41223094	T	C	225.00	PASS	0/1
19	39055854	A	T	0.00	LowGQX;HighDPFRatio	0/1
3	37053568	A	G	218.00	PASS	0/1
13	32929387	T	C	529.00	PASS	1/1
3	38645420	T	C	82.00	PASS	0/1
17	41244936	G	A	196.00	PASS	0/1
19	11242133	G	A	245.00	PASS	0/1
5	112176756	T	A	449.00	PASS	1/1
1	45797505	C	G	111.00	PASS	0/1
7	6026988	G	A	99.00	PASS	0/1
15	67457335	A	G	319.00	PASS	1/1
1	156096417	T	G	100.00	PASS	0/1
17	7579472	G	C	250.00	PASS	1/1
11	64572018	T	C	279.00	PASS	1/1
3	123457893	G	A	339.00	PASS	1/1
3	123457893	G	A	353.00	PASS	1/1
17	7579472	G	C	173.00	PASS	0/1
1	45797505	C	G	88.00	PASS	0/1
2	47739551	A	G	355.00	PASS	1/1
17	41246481	T	C	202.00	PASS	0/1
3	123458823	C	A	150.00	PASS	0/1
2	48010488	G	A	138.00	PASS	0/1
17	41246481	T	C	202.00	PASS	0/1
3	38645420	T	C	290.00	PASS	1/1
12	33021934	A	G	124.00	PASS	0/1
1	156096417	T	G	434.00	PASS	1/1
1	55524237	G	A	357.00	PASS	1/1
3	38645420	T	C	290.00	PASS	1/1
3	38645378	G	T	100.00	PASS	0/1
17	41244435	T	C	231.00	PASS	0/1
17	41244936	G	A	196.00	PASS	0/1
17	41244936	G	A	272.00	PASS	0/1
17	41244435	T	C	159.00	PASS	0/1
13	32906480	A	C	141.00	PASS	0/1
19	39008026	A	G	165.00	PASS	0/1
18	28649042	T	C	140.00	PASS	0/1
17	41244000	T	C	405.00	PASS	1/1
17	41244429	C	T	186.00	PASS	0/1
17	41244936	G	A	272.00	PASS	0/1
11	64572018	T	C	437.00	PASS	1/1
7	6026988	G	A	357.00	PASS	1/1
3	38645420	T	C	114.00	PASS	0/1
17	41244936	G	A	419.00	PASS	1/1
11	2869129	G	A	116.00	PASS	0/1
17	41244000	T	C	405.00	PASS	1/1
1	156814027	G	A	113.00	PASS	0/1
1	45797505	C	G	78.00	PASS	0/1
11	111963860	A	G	149.00	PASS	0/1
15	67457335	A	G	332.00	PASS	1/1
3	37053568	A	G	137.00	PASS	0/1
3	123419573	G	T	352.00	PASS	1/1
7	6026988	G	A	368.00	PASS	1/1
17	41246481	T	C	202.00	PASS	0/1
7	6026775	T	C	378.00	PASS	1/1
17	41223094	T	C	225.00	PASS	0/1
7	6026988	G	A	99.00	PASS	0/1
3	123453061	A	G	106.00	PASS	0/1
17	41223094	T	C	209.00	PASS	0/1
17	7579472	G	C	168.00	PASS	0/1
11	64572018	T	C	78.00	PASS	0/1
7	6026988	G	A	192.00	PASS	0/1
11	111963860	A	G	323.00	PASS	1/1
17	41223094	T	C	209.00	PASS	0/1
5	112176756	T	A	181.00	PASS	0/1
11	64572018	T	C	338.00	PASS	1/1
1	55505668	C	T	261.00	PASS	1/1
19	11233940	G	A	191.00	PASS	0/1
15	67457335	A	G	208.00	PASS	0/1
17	41244000	T	C	160.00	PASS	0/1
19	39029201	G	A	85.00	PASS	0/1
7	6026775	T	C	368.00	PASS	1/1
1	156096417	T	G	434.00	PASS	1/1
7	6026775	T	C	479.00	PASS	1/1
3	38645420	T	C	150.00	PASS	0/1
13	32929387	T	C	657.00	PASS	1/1
3	123451773	G	C	386.00	PASS	1/1
3	30733044	T	A	74.00	PASS	0/1
3	123457893	G	A	344.00	PASS	1/1
3	38645420	T	C	84.00	PASS	0/1
3	38645420	T	C	82.00	PASS	0/1
2	21231524	G	A	212.00	PASS	0/1
19	39029201	G	A	258.00	PASS	0/1
2	21231524	G	A	641.00	PASS	1/1
3	123419733	A	G	402.00	PASS	1/1
5	112176756	T	A	374.00	PASS	1/1
5	112176756	T	A	481.00	PASS	1/1
11	111963860	A	G	426.00	PASS	1/1
17	41223094	T	C	201.00	PASS	0/1
5	112178795	G	A	197.00	PASS	0/1
3	123419573	G	T	510.00	PASS	1/1
11	64572018	T	C	149.00	PASS	0/1
17	41244000	T	C	202.00	PASS	0/1
3	123451773	G	C	304.00	PASS	1/1
1	156099669	T	G	471.00	PASS	1/1
19	38983180	G	T	119.00	PASS	0/1
17	7579472	G	C	168.00	PASS	0/1
1	156099669	T	G	471.00	PASS	1/1
11	64572018	T	C	437.00	PASS	1/1
13	32929387	T	C	542.00	PASS	1/1
7	6026775	T	C	343.00	PASS	1/1
11	47370041	T	C	112.00	PASS	0/1
3	123457893	G	A	429.00	PASS	1/1
7	150645534	T	G	31.00	PASS	0/1
7	6026942	G	T	157.00	PASS	0/1
11	64572018	T	C	149.00	PASS	0/1
3	123453061	A	G	285.00	PASS	1/1
6	7581636	G	A	114.00	PASS	0/1
11	64572018	T	C	380.00	PASS	1/1
3	123457893	G	A	489.00	PASS	1/1
7	6026775	T	C	436.00	PASS	1/1
17	7579472	G	C	82.00	PASS	0/1
17	41244435	T	C	468.00	PASS	1/1
7	6026775	T	C	481.00	PASS	1/1
3	37053568	A	G	521.00	PASS	1/1
17	41244435	T	C	159.00	PASS	0/1
13	32906729	A	C	153.00	PASS	0/1
3	37053568	A	G	186.00	PASS	0/1
17	7579472	G	C	106.00	PASS	0/1
11	64572018	T	C	384.00	PASS	1/1
3	123457893	G	A	339.00	PASS	1/1
7	6026988	G	A	99.00	PASS	0/1
11	64572018	T	C	305.00	PASS	1/1
17	41244435	T	C	179.00	PASS	0/1
17	7579472	G	C	173.00	PASS	0/1
7	6026775	T	C	405.00	PASS	1/1
17	41244936	G	A	133.00	PASS	0/1
3	38616876	C	T	110.00	PASS	0/1
11	64572018	T	C	78.00	PASS	0/1
1	55529187	G	A	365.00	PASS	1/1
2	21250914	G	A	176.00	PASS	0/1
7	6026988	G	A	192.00	PASS	0/1
19	39055854	A	G	98.00	PASS	0/1
5	112176756	T	A	374.00	PASS	1/1
1	156099669	T	G	118.00	PASS	0/1
19	11242133	G	A	141.00	PASS	0/1
1	45797505	C	G	78.00	PASS	0/1
1	156814027	G	A	107.00	PASS	0/1
6	7565727	A	T	212.00	PASS	0/1
3	38674699	G	A	138.00	PASS	0/1
12	33030802	T	C	111.00	PASS	0/1
5	112176756	T	A	657.00	PASS	1/1
17	41244429	C	T	186.00	PASS	0/1
3	37053568	A	G	237.00	PASS	0/1
7	6026988	G	A	99.00	PASS	0/1
17	41244435	T	C	468.00	PASS	1/1
17	41223094	T	C	581.00	PASS	1/1
1	156838297	G	C	157.00	PASS	0/1
17	41244435	T	C	462.00	PASS	1/1
2	47739551	A	G	221.00	PASS	0/1
17	41244435	T	C	179.00	PASS	0/1
17	41244000	T	C	202.00	PASS	0/1
2	21250914	G	A	481.00	PASS	1/1
11	111963860	A	G	129.00	PASS	0/1
3	38645420	T	C	84.00	PASS	0/1
17	41223094	T	C	209.00	PASS	0/1
1	237841390	A	G	217.00	PASS	0/1
3	123419573	G	T	341.00	PASS	1/1
17	7579472	G	C	353.00	PASS	1/1
1	45797505	C	G	78.00	PASS	0/1
1	55505668	C	T	108.00	PASS	0/1
16	2138544	C	G	217.00	PASS	0/1
5	112176756	T	A	176.00	PASS	0/1
17	41244435	T	C	462.00	PASS	1/1
16	2138570	C	T	127.00	PASS	0/1
17	41223094	T	C	581.00	PASS	1/1
7	6026988	G	A	337.00	PASS	1/1
1	45797505	C	G	111.00	PASS	0/1
7	6013049	C	G	10.00	LowGQX	0/1
17	41223094	T	C	426.00	PASS	1/1
13	32945172	A	C	161.00	PASS	0/1
17	41244936	G	A	558.00	PASS	1/1
16	15931893	T	G	126.00	PASS	0/1
11	111963860	A	G	426.00	PASS	1/1
3	38674699	G	A	138.00	PASS	0/1
7	6026988	G	A	337.00	PASS	1/1
17	41244000	T	C	455.00	PASS	1/1
11	111963860	A	G	496.00	PASS	1/1
17	41223094	T	C	201.00	PASS	0/1
7	150642517	G	A	131.00	PASS	0/1
11	64572018	T	C	474.00	PASS	1/1
3	14175262	T	C	119.00	PASS	0/1
1	45797505	C	G	111.00	PASS	0/1
3	14174427	A	T	65.00	PASS	0/1
17	41223094	T	C	426.00	PASS	1/1
17	7579472	G	C	353.00	PASS	1/1
3	123419733	A	G	369.00	PASS	1/1
7	6026775	T	C	339.00	PASS	1/1
5	112176756	T	A	176.00	PASS	0/1
17	41223094	T	C	225.00	PASS	0/1
3	38616876	C	T	110.00	PASS	0/1
17	7579472	G	C	168.00	PASS	0/1
3	38645378	G	T	100.00	PASS	0/1
10	43610119	G	A	182.00	PASS	0/1
1	201052310	A	T	61.00	PASS	0/1
3	123419733	A	G	369.00	PASS	1/1
11	64572018	T	C	149.00	PASS	0/1
17	41244000	T	C	202.00	PASS	0/1
17	41244000	T	C	214.00	PASS	0/1
1	237841390	A	G	155.00	PASS	0/1
3	123419573	G	T	510.00	PASS	1/1
2	21225753	C	T	186.00	PASS	0/1
3	123451773	G	C	533.00	PASS	1/1
11	64572018	T	C	395.00	PASS	1/1
3	123457893	G	A	429.00	PASS	1/1
3	38645420	T	C	114.00	PASS	0/1
17	41244435	T	C	462.00	PASS	1/1
3	14174427	A	T	220.00	PASS	0/1
19	11233940	G	A	191.00	PASS	0/1
19	11242133	G	A	141.00	PASS	0/1
1	156096387	G	A	163.00	PASS	0/1
3	37053568	A	G	218.00	PASS	0/1
9	135786904	A	G	104.00	PASS	0/1
3	123419733	A	G	369.00	PASS	1/1
7	6013049	C	G	7.00	LowGQX	0/1
2	21252534	G	A	185.00	PASS	0/1
3	123451773	G	C	454.00	PASS	1/1
13	32931931	C	T	139.00	PASS	0/1
7	6026775	T	C	343.00	PASS	1/1
1	45800156	C	T	135.00	PASS	0/1
3	38645420	T	C	150.00	PASS	0/1
3	38645378	G	T	118.00	PASS	0/1
17	41244000	T	C	142.00	PASS	0/1
15	67457335	A	G	319.00	PASS	1/1
17	41246481	T	C	202.00	PASS	0/1
17	41244435	T	C	159.00	PASS	0/1
7	6026988	G	A	110.00	PASS	0/1
11	111963860	A	G	443.00	PASS	1/1
5	112176756	T	A	568.00	PASS	1/1
17	41244435	T	C	468.00	PASS	1/1
1	237841390	A	G	155.00	PASS	0/1
12	33031309	T	C	135.00	PASS	0/1
16	2138570	C	T	127.00	PASS	0/1
17	41244435	T	C	159.00	PASS	0/1
11	64572018	T	C	279.00	PASS	1/1
3	38645378	G	T	100.00	PASS	0/1
3	38674699	G	A	138.00	PASS	0/1
19	39029201	G	A	258.00	PASS	0/1
5	112178795	G	A	140.00	PASS	0/1
3	123419573	G	T	510.00	PASS	1/1
11	47370041	T	C	79.00	PASS	0/1
1	156096387	G	A	170.00	PASS	0/1
17	41244435	T	C	151.00	PASS	0/1
10	43610119	G	A	147.00	PASS	0/1
7	6026988	G	A	99.00	PASS	0/1
17	41244435	T	C	151.00	PASS	0/1
5	112178795	G	A	197.00	PASS	0/1
3	38645420	T	C	290.00	PASS	1/1
7	6026988	G	A	352.00	PASS	1/1
3	38645420	T	C	82.00	PASS	0/1
3	123451773	G	C	346.00	PASS	1/1
17	41244000	T	C	214.00	PASS	0/1
17	41244000	T	C	142.00	PASS	0/1
17	41244936	G	A	419.00	PASS	1/1
7	6026988	G	A	357.00	PASS	1/1
1	45797505	C	G	161.00	PASS	0/1
12	33021934	A	G	112.00	PASS	0/1
3	14174427	A	T	140.00	PASS	0/1
5	112176756	T	A	176.00	PASS	0/1
3	123457893	G	A	344.00	PASS	1/1
3	38645420	T	C	111.00	PASS	0/1
17	41244000	T	C	160.00	PASS	0/1
15	67457335	A	G	370.00	PASS	1/1
17	41244000	T	C	214.00	PASS	0/1
3	123451773	G	C	533.00	PASS	1/1
7	6026988	G	A	337.00	PASS	1/1
7	6026775	T	C	436.00	PASS	1/1
3	123451773	G	C	533.00	PASS	1/1
7	6013049	C	G	3.00	LowGQX	0/1
17	7579472	G	C	153.00	PASS	0/1
17	41223094	T	C	209.00	PASS	0/1
3	30733044	T	A	181.00	PASS	0/1
17	7579472	G	C	414.00	PASS	1/1
5	112116562	C	G	117.00	PASS	0/1
17	41223094	T	C	209.00	PASS	0/1
3	123451773	G	C	369.00	PASS	1/1
17	41244435	T	C	468.00	PASS	1/1
6	7581636	G	A	114.00	PASS	0/1
1	55524237	G	A	324.00	PASS	1/1
7	6013049	C	G	10.00	LowGQX	0/1
1	45797505	C	G	189.00	PASS	0/1
17	7579472	G	C	419.00	PASS	1/1
2	189864080	G	A	163.00	PASS	0/1
5	112178795	G	A	140.00	PASS	0/1
17	41244435	T	C	151.00	PASS	0/1
1	45797505	C	G	189.00	PASS	0/1
15	67457335	A	G	319.00	PASS	1/1
3	14183203	T	C	137.00	PASS	0/1
3	37053568	A	G	237.00	PASS	0/1
17	7579472	G	C	168.00	PASS	0/1
17	7579472	G	C	82.00	PASS	0/1
7	6026775	T	C	436.00	PASS	1/1
2	48010488	G	A	81.00	PASS	0/1
2	189864080	G	A	100.00	PASS	0/1
17	41223094	T	C	201.00	PASS	0/1
17	41244435	T	C	159.00	PASS	0/1
12	33049590	C	T	132.00	PASS	0/1
7	6026988	G	A	149.00	PASS	0/1
17	41244936	G	A	175.00	PASS	0/1
17	7579472	G	C	414.00	PASS	1/1
17	41244936	G	A	175.00	PASS	0/1
11	64572018	T	C	149.00	PASS	0/1
3	14175262	T	C	119.00	PASS	0/1
7	6026775	T	C	378.00	PASS	1/1
5	112176756	T	A	568.00	PASS	1/1
17	41223094	T	C	426.00	PASS	1/1
17	41244936	G	A	558.00	PASS	1/1
3	123451773	G	C	454.00	PASS	1/1
17	41244000	T	C	202.00	PASS	0/1
11	64572018	T	C	395.00	PASS	1/1
15	67457335	A	G	171.00	PASS	0/1
11	111963860	A	G	348.00	PASS	1/1
7	150645534	T	G	41.00	PASS	0/1
16	2138544	C	G	217.00	PASS	0/1
3	123457893	G	A	368.00	PASS	1/1
1	55505668	C	T	132.00	PASS	0/1
1	55524237	G	A	388.00	PASS	1/1
17	7579472	G	C	353.00	PASS	1/1
7	6026775	T	C	339.00	PASS	1/1
17	7579472	G	C	168.00	PASS	0/1
3	123419733	A	G	327.00	PASS	1/1
17	41244936	G	A	196.00	PASS	0/1
7	6026988	G	A	357.00	PASS	1/1
17	7579472	G	C	355.00	PASS	1/1
13	32945172	A	C	239.00	PASS	0/1
11	64572018	T	C	338.00	PASS	1/1
11	111963860	A	G	129.00	PASS	0/1
3	123451773	G	C	454.00	PASS	1/1
17	41244000	T	C	405.00	PASS	1/1
11	111963860	A	G	443.00	PASS	1/1
17	7579472	G	C	353.00	PASS	1/1
17	41244936	G	A	272.00	PASS	0/1
17	7579472	G	C	414.00	PASS	1/1
1	237841390	A	G	217.00	PASS	0/1
17	41244000	T	C	455.00	PASS	1/1
3	38645378	G	T	100.00	PASS	0/1
7	6026988	G	A	337.00	PASS	1/1
5	112116562	C	G	117.00	PASS	0/1
12	33031309	T	C	135.00	PASS	0/1
11	64572018	T	C	305.00	PASS	1/1
2	189875421	T	G	465.00	PASS	1/1
3	123458823	C	A	150.00	PASS	0/1
3	37053568	A	G	211.00	PASS	0/1
17	41223094	T	C	230.00	PASS	0/1
15	67457335	A	G	373.00	PASS	1/1
3	37053568	A	G	106.00	PASS	0/1
3	37053568	A	G	186.00	PASS	0/1
3	37053568	A	G	137.00	PASS	0/1
17	41244000	T	C	142.00	PASS	0/1
7	6026775	T	C	122.00	PASS	0/1
3	38645420	T	C	111.00	PASS	0/1
3	37053568	A	G	521.00	PASS	1/1
17	41244000	T	C	202.00	PASS	0/1
17	7579472	G	C	355.00	PASS	1/1
3	123451773	G	C	533.00	PASS	1/1
3	38616876	C	T	110.00	PASS	0/1
1	55529187	G	A	365.00	PASS	1/1
11	111963860	A	G	149.00	PASS	0/1
7	6026775	T	C	122.00	PASS	0/1
2	47643457	G	A	219.00	PASS	0/1
13	32929387	T	C	372.00	PASS	1/1
3	38674699	G	A	138.00	PASS	0/1
17	41244435	T	C	462.00	PASS	1/1
3	123457893	G	A	429.00	PASS	1/1
11	64572018	T	C	338.00	PASS	1/1
17	7579472	G	C	173.00	PASS	0/1
17	7579472	G	C	353.00	PASS	1/1
17	41223094	T	C	426.00	PASS	1/1
19	11242133	G	A	157.00	PASS	0/1
17	41244000	T	C	405.00	PASS	1/1
17	41244435	T	C	151.00	PASS	0/1
17	41244429	C	T	186.00	PASS	0/1
3	37053568	A	G	106.00	PASS	0/1
17	41244000	T	C	455.00	PASS	1/1
2	48010488	G	A	81.00	PASS	0/1
7	6026988	G	A	138.00	PASS	0/1
3	38645420	T	C	114.00	PASS	0/1
7	6026775	T	C	405.00	PASS	1/1
7	150645534	T	G	100.00	PASS	0/1
17	7579472	G	C	106.00	PASS	0/1
3	123457893	G	A	344.00	PASS	1/1
1	201079344	G	C	150.00	PASS	0/1
3	38645420	T	C	114.00	PASS	0/1
7	6026775	T	C	101.00	PASS	0/1
2	21225281	C	T	393.00	PASS	1/1
3	37053568	A	G	186.00	PASS	0/1
3	37053568	A	G	106.00	PASS	0/1
3	123451773	G	C	475.00	PASS	1/1
17	41244435	T	C	462.00	PASS	1/1
3	38645378	G	T	100.00	PASS	0/1
17	41244435	T	C	179.00	PASS	0/1
3	37053568	A	G	106.00	PASS	0/1
3	123451773	G	C	463.00	PASS	1/1
13	32929387	T	C	516.00	PASS	1/1
17	7579472	G	C	250.00	PASS	1/1
1	156838297	G	C	157.00	PASS	0/1
3	38674699	G	A	113.00	PASS	0/1
17	41223094	T	C	426.00	PASS	1/1
3	38645420	T	C	114.00	PASS	0/1
1	45800156	C	T	135.00	PASS	0/1
1	201016296	G	A	124.00	PASS	0/1
17	7579472	G	C	153.00	PASS	0/1
17	41244435	T	C	151.00	PASS	0/1
7	6026775	T	C	339.00	PASS	1/1
3	123451773	G	C	346.00	PASS	1/1
3	123457893	G	A	480.00	PASS	1/1
3	123419733	A	G	402.00	PASS	1/1
3	123458823	C	A	212.00	PASS	0/1
19	11242133	G	A	157.00	PASS	0/1
1	156099669	T	G	105.00	PASS	0/1
11	111963860	A	G	264.00	PASS	1/1
17	41223094	T	C	426.00	PASS	1/1
3	38616876	C	T	110.00	PASS	0/1
17	7579472	G	C	371.00	PASS	1/1
1	45800156	C	T	135.00	PASS	0/1
3	123458823	C	A	212.00	PASS	0/1
3	123457893	G	A	453.00	PASS	1/1
17	41244936	G	A	133.00	PASS	0/1
11	64572018	T	C	338.00	PASS	1/1
19	11233940	G	A	191.00	PASS	0/1
1	156096417	T	G	434.00	PASS	1/1
7	6026775	T	C	326.00	PASS	1/1
17	41244435	T	C	468.00	PASS	1/1
3	123451773	G	C	454.00	PASS	1/1
1	45797505	C	G	88.00	PASS	0/1
10	43608354	G	A	130.00	PASS	0/1
3	14175262	T	C	84.00	PASS	0/1
15	67457335	A	G	511.00	PASS	1/1
17	41244000	T	C	160.00	PASS	0/1
15	67457335	A	G	322.00	PASS	1/1
3	14175262	T	C	197.00	PASS	0/1
1	55529187	G	A	227.00	PASS	1/1
11	64572018	T	C	384.00	PASS	1/1
3	123419573	G	T	352.00	PASS	1/1
13	32906729	A	C	227.00	PASS	0/1
17	41246481	T	C	202.00	PASS	0/1
17	41244000	T	C	142.00	PASS	0/1
3	123457893	G	A	394.00	PASS	1/1
19	11242133	G	A	141.00	PASS	0/1
3	14174427	A	T	220.00	PASS	0/1
19	11233940	G	A	191.00	PASS	0/1
17	7579472	G	C	419.00	PASS	1/1
7	150645534	T	G	23.00	LowGQX	0/1
1	45797505	C	G	161.00	PASS	0/1
17	41244000	T	C	214.00	PASS	0/1
7	6013049	C	G	7.00	LowGQX	0/1
17	7579472	G	C	371.00	PASS	1/1
1	156099669	T	G	471.00	PASS	1/1
3	123457893	G	A	353.00	PASS	1/1
17	7579472	G	C	250.00	PASS	1/1
11	111963860	A	G	149.00	PASS	0/1
7	6026775	T	C	101.00	PASS	0/1
11	64572018	T	C	474.00	PASS	1/1
17	41244435	T	C	462.00	PASS	1/1
7	6026775	T	C	368.00	PASS	1/1
3	38645378	G	T	118.00	PASS	0/1
1	156096417	T	G	196.00	PASS	0/1
3	123457893	G	A	339.00	PASS	1/1
1	55529187	G	A	283.00	PASS	1/1
3	38645420	T	C	84.00	PASS	0/1
9	135786904	A	G	110.00	PASS	0/1
3	123457893	G	A	394.00	PASS	1/1
17	7579472	G	C	106.00	PASS	0/1
3	14175262	T	C	94.00	PASS	0/1
17	41244429	C	T	202.00	PASS	0/1
3	123458823	C	A	212.00	PASS	0/1
2	47739551	A	G	429.00	PASS	1/1
11	111963860	A	G	496.00	PASS	1/1
3	38645420	T	C	150.00	PASS	0/1
11	111963860	A	G	264.00	PASS	1/1
11	64572018	T	C	437.00	PASS	1/1
3	37053568	A	G	106.00	PASS	0/1
17	41223094	T	C	209.00	PASS	0/1
17	41244936	G	A	133.00	PASS	0/1
3	37053568	A	G	521.00	PASS	1/1
17	41244936	G	A	419.00	PASS	1/1
7	6026988	G	A	138.00	PASS	0/1
3	123457893	G	A	480.00	PASS	1/1
3	123451773	G	C	369.00	PASS	1/1
1	156096387	G	A	163.00	PASS	0/1
1	156099669	T	G	471.00	PASS	1/1
17	7579472	G	C	250.00	PASS	1/1
3	14175262	T	C	84.00	PASS	0/1
3	37053568	A	G	186.00	PASS	0/1
3	123451773	G	C	304.00	PASS	1/1
3	123419733	A	G	327.00	PASS	1/1
17	7579472	G	C	106.00	PASS	0/1
17	41246481	T	C	202.00	PASS	0/1
9	135786904	A	G	110.00	PASS	0/1
7	6026988	G	A	352.00	PASS	1/1
13	32913091	A	C	216.00	PASS	0/1
7	6026942	G	T	157.00	PASS	0/1
17	41244936	G	A	419.00	PASS	1/1
15	67457335	A	G	332.00	PASS	1/1
3	123457893	G	A	489.00	PASS	1/1
3	123451773	G	C	386.00	PASS	1/1
17	41244435	T	C	462.00	PASS	1/1
17	7579472	G	C	371.00	PASS	1/1
16	2138570	C	T	127.00	PASS	0/1
3	123453061	A	G	106.00	PASS	0/1
5	112176756	T	A	481.00	PASS	1/1
11	111963860	A	G	391.00	PASS	1/1
17	41244000	T	C	214.00	PASS	0/1
7	6026775	T	C	479.00	PASS	1/1
17	41244000	T	C	455.00	PASS	1/1
7	6026988	G	A	149.00	PASS	0/1
9	135786904	A	G	104.00	PASS	0/1
17	41244936	G	A	558.00	PASS	1/1
19	39008026	A	G	111.00	PASS	0/1
2	48010488	G	A	147.00	PASS	0/1
11	111963860	A	G	391.00	PASS	1/1
17	41244000	T	C	202.00	PASS	0/1
15	67457335	A	G	197.00	PASS	0/1
17	7579472	G	C	250.00	PASS	1/1
1	55529187	G	A	347.00	PASS	1/1
17	41244435	T	C	231.00	PASS	0/1
1	55524237	G	A	341.00	PASS	1/1
3	14183203	T	C	132.00	PASS	0/1
17	41244435	T	C	179.00	PASS	0/1
2	21233972	T	C	177.00	PASS	0/1
1	55524237	G	A	273.00	PASS	1/1
1	55524237	G	A	346.00	PASS	1/1
7	6026988	G	A	169.00	PASS	0/1
17	41244000	T	C	405.00	PASS	1/1
11	64572018	T	C	380.00	PASS	1/1
7	6026775	T	C	326.00	PASS	1/1
17	41244000	T	C	405.00	PASS	1/1
17	41244429	C	T	202.00	PASS	0/1
7	6026988	G	A	357.00	PASS	1/1
1	55529187	G	A	204.00	PASS	1/1
1	55529187	G	A	283.00	PASS	1/1
13	32945172	A	C	239.00	PASS	0/1
11	64572018	T	C	384.00	PASS	1/1
1	156838297	G	C	225.00	PASS	0/1
3	123451773	G	C	475.00	PASS	1/1
3	123458823	C	A	150.00	PASS	0/1
3	38645420	T	C	150.00	PASS	0/1
7	6026775	T	C	368.00	PASS	1/1
17	41244435	T	C	151.00	PASS	0/1
7	6026775	T	C	326.00	PASS	1/1
7	6026775	T	C	436.00	PASS	1/1
17	41244429	C	T	186.00	PASS	0/1
3	37053568	A	G	521.00	PASS	1/1
17	41244435	T	C	468.00	PASS	1/1
3	123457893	G	A	353.00	PASS	1/1
3	14175262	T	C	120.00	PASS	0/1
17	41244000	T	C	142.00	PASS	0/1
11	64572018	T	C	279.00	PASS	1/1
17	41244936	G	A	558.00	PASS	1/1
17	41223094	T	C	209.00	PASS	0/1
16	15931893	T	G	126.00	PASS	0/1
5	112178795	G	A	140.00	PASS	0/1
11	111963860	A	G	149.00	PASS	0/1
3	38645420	T	C	114.00	PASS	0/1
17	7579472	G	C	353.00	PASS	1/1
11	64572018	T	C	395.00	PASS	1/1
19	39029201	G	A	258.00	PASS	0/1
2	47643457	G	A	219.00	PASS	0/1
3	37053568	A	G	137.00	PASS	0/1
15	67457335	A	G	387.00	PASS	1/1
11	47357479	C	T	106.00	PASS	0/1
19	11242133	G	A	245.00	PASS	0/1
2	21239443	G	A	185.00	PASS	0/1
13	32906729	A	C	153.00	PASS	0/1
17	41244429	C	T	202.00	PASS	0/1
11	64572018	T	C	474.00	PASS	1/1
17	41244000	T	C	214.00	PASS	0/1
5	112176756	T	A	657.00	PASS	1/1
7	6026988	G	A	192.00	PASS	0/1
17	7579472	G	C	355.00	PASS	1/1
17	7579472	G	C	168.00	PASS	0/1
3	123457893	G	A	425.00	PASS	1/1
1	156099669	T	G	118.00	PASS	0/1
17	7579472	G	C	173.00	PASS	0/1
3	30733044	T	A	74.00	PASS	0/1
3	38645378	G	T	118.00	PASS	0/1
7	6026775	T	C	326.00	PASS	1/1
2	21232803	T	C	473.00	PASS	1/1
17	41244936	G	A	175.00	PASS	0/1
7	6026775	T	C	378.00	PASS	1/1
7	150645534	T	G	31.00	PASS	0/1
16	15844140	G	A	131.00	PASS	0/1
16	15818842	A	G	122.00	PASS	0/1
2	189864080	G	A	142.00	PASS	0/1
3	123451773	G	C	369.00	PASS	1/1
7	6026775	T	C	405.00	PASS	1/1
11	64572018	T	C	395.00	PASS	1/1
3	123457893	G	A	339.00	PASS	1/1
17	41246481	T	C	202.00	PASS	0/1
5	112176756	T	A	374.00	PASS	1/1
17	41223094	T	C	581.00	PASS	1/1
17	41223094	T	C	230.00	PASS	0/1
12	33021934	A	G	124.00	PASS	0/1
1	201016296	G	A	131.00	PASS	0/1
11	64572018	T	C	149.00	PASS	0/1
14	23889313	G	C	0.00	LowGQX;HighDPFRatio	0/1
3	123457893	G	A	368.00	PASS	1/1
5	112176756	T	A	657.00	PASS	1/1
7	6013049	C	G	10.00	LowGQX	0/1
3	123451773	G	C	454.00	PASS	1/1
7	6026775	T	C	405.00	PASS	1/1
11	64572018	T	C	395.00	PASS	1/1
3	123457893	G	A	493.00	PASS	1/1
17	41244000	T	C	202.00	PASS	0/1
3	38645420	T	C	114.00	PASS	0/1
17	7579472	G	C	414.00	PASS	1/1
19	11242133	G	A	245.00	PASS	0/1
17	41244000	T	C	160.00	PASS	0/1
11	64572018	T	C	149.00	PASS	0/1
17	41244000	T	C	455.00	PASS	1/1
16	2138544	C	G	217.00	PASS	0/1
17	41244435	T	C	462.00	PASS	1/1
17	41244435	T	C	231.00	PASS	0/1
3	38674699	G	A	138.00	PASS	0/1
16	15844140	G	A	131.00	PASS	0/1
1	156096387	G	A	163.00	PASS	0/1
3	14174427	A	T	140.00	PASS	0/1
17	7579472	G	C	353.00	PASS	1/1
3	123457893	G	A	489.00	PASS	1/1
3	38645420	T	C	290.00	PASS	1/1
1	156096417	T	G	100.00	PASS	0/1
1	45797505	C	G	161.00	PASS	0/1
3	123457893	G	A	344.00	PASS	1/1
17	7579472	G	C	414.00	PASS	1/1
13	32929387	T	C	529.00	PASS	1/1
11	111963860	A	G	188.00	PASS	1/1
6	7580958	A	G	200.00	PASS	0/1
1	156096417	T	G	100.00	PASS	0/1
7	6026775	T	C	343.00	PASS	1/1
3	123457893	G	A	480.00	PASS	1/1
1	156099669	T	G	105.00	PASS	0/1
13	32914236	C	T	146.00	PASS	0/1
18	28649042	T	C	128.00	PASS	0/1
11	64572018	T	C	474.00	PASS	1/1
17	41244435	T	C	231.00	PASS	0/1
17	41244435	T	C	151.00	PASS	0/1
3	38645420	T	C	111.00	PASS	0/1
3	123419733	A	G	327.00	PASS	1/1
16	15818842	A	G	122.00	PASS	0/1
17	7579472	G	C	353.00	PASS	1/1
1	45797505	C	G	111.00	PASS	0/1
13	32906729	A	C	220.00	PASS	0/1
17	41244000	T	C	214.00	PASS	0/1
1	45797505	C	G	111.00	PASS	0/1
7	6026775	T	C	339.00	PASS	1/1
14	23889376	A	G	1.00	LowGQX	0/1
3	38645420	T	C	82.00	PASS	0/1
3	123451773	G	C	475.00	PASS	1/1
1	55524237	G	A	177.00	PASS	0/1
7	6026775	T	C	436.00	PASS	1/1
3	123451773	G	C	454.00	PASS	1/1
9	135786904	A	G	104.00	PASS	0/1
17	41244435	T	C	151.00	PASS	0/1
1	156096417	T	G	100.00	PASS	0/1
13	32945172	A	C	161.00	PASS	0/1
17	41244000	T	C	142.00	PASS	0/1
3	123458823	C	A	150.00	PASS	0/1
1	156099669	T	G	105.00	PASS	0/1
3	123419733	A	G	327.00	PASS	1/1
3	123419733	A	G	402.00	PASS	1/1
17	7579472	G	C	414.00	PASS	1/1
3	123457893	G	A	493.00	PASS	1/1
3	123457893	G	A	453.00	PASS	1/1
11	64572018	T	C	305.00	PASS	1/1
19	38983180	G	T	119.00	PASS	0/1
17	7579472	G	C	353.00	PASS	1/1
17	41244936	G	A	196.00	PASS	0/1
5	112176756	T	A	480.00	PASS	1/1
2	21250914	G	A	442.00	PASS	1/1
3	38645420	T	C	150.00	PASS	0/1
11	64572018	T	C	78.00	PASS	0/1
11	64572018	T	C	437.00	PASS	1/1
19	39008026	A	G	165.00	PASS	0/1
1	45797505	C	G	161.00	PASS	0/1
1	156099669	T	G	118.00	PASS	0/1
17	41244936	G	A	196.00	PASS	0/1
3	38645420	T	C	84.00	PASS	0/1
13	32931931	C	T	139.00	PASS	0/1
3	38645420	T	C	114.00	PASS	0/1
1	45797505	C	G	161.00	PASS	0/1
11	111963860	A	G	188.00	PASS	1/1
15	67457335	A	G	186.00	PASS	0/1
17	41244936	G	A	175.00	PASS	0/1
11	47370041	T	C	79.00	PASS	0/1
1	156838297	G	C	157.00	PASS	0/1
2	48010488	G	A	81.00	PASS	0/1
17	7579472	G	C	414.00	PASS	1/1
11	111963860	A	G	188.00	PASS	1/1
17	7579472	G	C	250.00	PASS	1/1
12	33021934	A	G	112.00	PASS	0/1
17	41244435	T	C	462.00	PASS	1/1
17	41244936	G	A	133.00	PASS	0/1
2	189875421	T	G	728.00	PASS	1/1
1	45797505	C	G	111.00	PASS	0/1
3	37053568	A	G	106.00	PASS	0/1
10	43610119	G	A	182.00	PASS	0/1
1	156099669	T	G	118.00	PASS	0/1
17	41244000	T	C	142.00	PASS	0/1
3	38645420	T	C	290.00	PASS	1/1
2	21232803	T	C	658.00	PASS	1/1
17	7579472	G	C	355.00	PASS	1/1
7	6026988	G	A	169.00	PASS	0/1
11	47364602	C	T	130.00	PASS	0/1
17	41244936	G	A	196.00	PASS	0/1
17	7579472	G	C	106.00	PASS	0/1
2	189875421	T	G	546.00	PASS	1/1
17	41244435	T	C	179.00	PASS	0/1
1	156096417	T	G	196.00	PASS	0/1
17	41244000	T	C	405.00	PASS	1/1
16	15818842	A	G	122.00	PASS	0/1
17	41244936	G	A	133.00	PASS	0/1
1	45797505	C	G	111.00	PASS	0/1
1	156838297	G	C	225.00	PASS	0/1
17	41223094	T	C	581.00	PASS	1/1
14	23889320	C	G	0.00	LowGQX;HighDPFRatio	0/1
3	37053568	A	G	137.00	PASS	0/1
3	37053568	A	G	237.00	PASS	0/1
17	41244435	T	C	179.00	PASS	0/1
17	7579472	G	C	106.00	PASS	0/1
13	32906729	A	C	183.00	PASS	0/1
3	123453061	A	G	106.00	PASS	0/1
17	41244936	G	A	272.00	PASS	0/1
3	123458823	C	A	212.00	PASS	0/1
10	43610119	G	A	147.00	PASS	0/1
11	64572018	T	C	78.00	PASS	0/1
7	6026775	T	C	479.00	PASS	1/1
1	45797505	C	G	189.00	PASS	0/1
3	37053568	A	G	186.00	PASS	0/1
3	123458823	C	A	150.00	PASS	0/1
11	64572018	T	C	376.00	PASS	1/1
19	11242133	G	A	157.00	PASS	0/1
3	123457893	G	A	493.00	PASS	1/1
11	47370041	T	C	191.00	PASS	0/1
17	41244936	G	A	175.00	PASS	0/1
14	23893148	C	G	142.00	PASS	0/1
3	123457893	G	A	394.00	PASS	1/1
17	7579472	G	C	82.00	PASS	0/1
3	123457893	G	A	480.00	PASS	1/1
7	150645534	T	G	23.00	LowGQX	0/1
17	41244936	G	A	272.00	PASS	0/1
19	55668029	G	T	184.00	PASS	0/1
5	112176756	T	A	444.00	PASS	1/1
3	38645420	T	C	111.00	PASS	0/1
17	41244429	C	T	186.00	PASS	0/1
11	47370041	T	C	141.00	PASS	0/1
11	64572018	T	C	384.00	PASS	1/1
17	41244936	G	A	133.00	PASS	0/1
11	47370041	T	C	141.00	PASS	0/1
3	38645420	T	C	84.00	PASS	0/1
17	7579472	G	C	371.00	PASS	1/1
17	41244000	T	C	405.00	PASS	1/1
3	30733044	T	A	181.00	PASS	0/1
17	41244000	T	C	160.00	PASS	0/1
3	123453061	A	G	315.00	PASS	1/1
13	32972884	A	G	143.00	PASS	0/1
16	2138544	C	G	217.00	PASS	0/1
3	123453061	A	G	285.00	PASS	1/1
11	47357479	C	T	149.00	PASS	0/1
3	123457893	G	A	368.00	PASS	1/1
1	156096417	T	G	434.00	PASS	1/1
17	41244435	T	C	468.00	PASS	1/1
17	41244000	T	C	142.00	PASS	0/1
17	41244936	G	A	196.00	PASS	0/1
3	37053568	A	G	237.00	PASS	0/1
5	112178795	G	A	197.00	PASS	0/1
17	41244435	T	C	462.00	PASS	1/1
1	45797505	C	G	161.00	PASS	0/1
17	7579472	G	C	371.00	PASS	1/1
17	41244435	T	C	231.00	PASS	0/1
17	41244435	T	C	231.00	PASS	0/1
1	55524237	G	A	152.00	PASS	0/1
13	32929387	T	C	669.00	PASS	1/1
3	37053568	A	G	211.00	PASS	0/1
1	55529187	G	A	332.00	PASS	1/1
5	112176756	T	A	231.00	PASS	0/1
2	21233972	T	C	256.00	PASS	0/1
17	41244000	T	C	455.00	PASS	1/1
2	47739551	A	G	514.00	PASS	1/1
3	38674699	G	A	113.00	PASS	0/1
3	123451773	G	C	346.00	PASS	1/1
16	2138570	C	T	127.00	PASS	0/1
3	37053568	A	G	186.00	PASS	0/1
3	37053568	A	G	521.00	PASS	1/1
11	111963860	A	G	129.00	PASS	0/1
17	41244435	T	C	231.00	PASS	0/1
12	33031309	T	C	140.00	PASS	0/1
7	150645534	T	G	100.00	PASS	0/1
15	67457335	A	G	332.00	PASS	1/1
17	7579472	G	C	371.00	PASS	1/1
17	41244435	T	C	159.00	PASS	0/1
17	41244936	G	A	272.00	PASS	0/1
17	7579472	G	C	153.00	PASS	0/1
7	6026775	T	C	436.00	PASS	1/1
11	111963860	A	G	264.00	PASS	1/1
17	41244429	C	T	202.00	PASS	0/1
17	41244936	G	A	196.00	PASS	0/1
7	151478502	C	T	243.00	PASS	0/1
3	38645420	T	C	84.00	PASS	0/1
11	64572018	T	C	380.00	PASS	1/1
13	32906729	A	C	335.00	PASS	1/1
2	48010488	G	A	138.00	PASS	0/1
17	7579472	G	C	414.00	PASS	1/1
17	41223094	T	C	426.00	PASS	1/1
3	38645378	G	T	118.00	PASS	0/1
17	41244435	T	C	179.00	PASS	0/1
7	6026775	T	C	368.00	PASS	1/1
3	123451773	G	C	467.00	PASS	1/1
17	41244936	G	A	175.00	PASS	0/1
1	45797505	C	G	189.00	PASS	0/1
5	112176756	T	A	558.00	PASS	1/1
11	2869129	G	A	116.00	PASS	0/1
1	45797505	C	G	78.00	PASS	0/1
7	6013049	C	G	3.00	LowGQX	0/1
3	38645420	T	C	290.00	PASS	1/1
19	55668029	G	T	131.00	PASS	0/1
16	15844140	G	A	131.00	PASS	0/1
7	6026775	T	C	368.00	PASS	1/1
1	55505668	C	T	261.00	PASS	1/1
17	41244435	T	C	151.00	PASS	0/1
1	201052310	A	T	243.00	PASS	1/1
17	41244000	T	C	405.00	PASS	1/1
3	123453061	A	G	106.00	PASS	0/1
17	7579472	G	C	82.00	PASS	0/1
2	21231524	G	A	189.00	PASS	0/1
1	201009182	A	G	76.00	PASS	0/1
6	7565727	A	T	144.00	PASS	0/1
3	37053568	A	G	521.00	PASS	1/1
17	41223094	T	C	201.00	PASS	0/1
17	41244936	G	A	558.00	PASS	1/1
17	7579472	G	C	419.00	PASS	1/1
3	38645420	T	C	84.00	PASS	0/1
2	21250914	G	A	226.00	PASS	0/1
1	55524237	G	A	341.00	PASS	1/1
1	156096387	G	A	163.00	PASS	0/1
17	41223094	T	C	230.00	PASS	0/1
11	111963860	A	G	426.00	PASS	1/1
7	6026775	T	C	343.00	PASS	1/1
17	41244429	C	T	202.00	PASS	0/1
17	41244000	T	C	455.00	PASS	1/1
3	38645420	T	C	82.00	PASS	0/1
17	41223094	T	C	426.00	PASS	1/1
3	38616876	C	T	110.00	PASS	0/1
3	38674699	G	A	138.00	PASS	0/1
3	123451773	G	C	449.00	PASS	1/1
17	41244429	C	T	186.00	PASS	0/1
17	7579472	G	C	173.00	PASS	0/1
11	111963860	A	G	411.00	PASS	1/1
7	6013049	C	G	7.00	LowGQX	0/1
7	150645534	T	G	41.00	PASS	0/1
5	112176756	T	A	568.00	PASS	1/1
1	156096417	T	G	196.00	PASS	0/1
11	64572018	T	C	474.00	PASS	1/1
3	14175262	T	C	134.00	PASS	0/1
2	21225281	C	T	148.00	PASS	0/1
17	41223094	T	C	581.00	PASS	1/1
2	189864080	G	A	96.00	PASS	0/1
3	38645378	G	T	118.00	PASS	0/1
17	7579472	G	C	173.00	PASS	0/1
7	6013049	C	G	3.00	LowGQX	0/1
9	135786904	A	G	104.00	PASS	0/1
1	156099669	T	G	105.00	PASS	0/1
7	6026942	G	T	157.00	PASS	0/1
3	38645378	G	T	100.00	PASS	0/1
3	123457893	G	A	418.00	PASS	1/1
1	237841390	A	G	185.00	PASS	0/1
3	123453061	A	G	285.00	PASS	1/1
17	7579472	G	C	153.00	PASS	0/1
17	41244000	T	C	455.00	PASS	1/1
17	41223094	T	C	230.00	PASS	0/1
17	7579472	G	C	106.00	PASS	0/1
17	41223094	T	C	426.00	PASS	1/1
3	38645420	T	C	111.00	PASS	0/1
3	38674699	G	A	113.00	PASS	0/1
17	7579472	G	C	371.00	PASS	1/1
11	111963860	A	G	323.00	PASS	1/1
17	41244435	T	C	462.00	PASS	1/1
3	123451773	G	C	304.00	PASS	1/1
7	6026942	G	T	157.00	PASS	0/1
3	123457893	G	A	493.00	PASS	1/1
17	7579472	G	C	82.00	PASS	0/1
17	41244435	T	C	468.00	PASS	1/1
1	156096417	T	G	434.00	PASS	1/1
3	123451773	G	C	467.00	PASS	1/1
15	67457335	A	G	350.00	PASS	1/1
3	123451773	G	C	478.00	PASS	1/1
3	123451773	G	C	346.00	PASS	1/1
13	32914592	C	T	110.00	PASS	0/1
17	41244435	T	C	468.00	PASS	1/1
1	156838297	G	C	157.00	PASS	0/1
3	38645420	T	C	84.00	PASS	0/1
17	41244429	C	T	202.00	PASS	0/1
3	123451773	G	C	463.00	PASS	1/1
3	123457893	G	A	368.00	PASS	1/1
17	41223094	T	C	225.00	PASS	0/1
12	33049590	C	T	132.00	PASS	0/1
17	41223094	T	C	225.00	PASS	0/1
1	237841390	A	G	185.00	PASS	0/1
7	6026988	G	A	169.00	PASS	0/1
17	7579472	G	C	371.00	PASS	1/1
17	41223094	T	C	225.00	PASS	0/1
17	41244435	T	C	151.00	PASS	0/1
17	7579472	G	C	153.00	PASS	0/1
1	156096387	G	A	163.00	PASS	0/1
17	41223094	T	C	426.00	PASS	1/1
13	32914592	C	T	194.00	PASS	0/1
17	41244936	G	A	558.00	PASS	1/1
17	41244435	T	C	179.00	PASS	0/1
11	47357479	C	T	106.00	PASS	0/1
17	41244936	G	A	419.00	PASS	1/1
3	37053568	A	G	137.00	PASS	0/1
7	6026988	G	A	368.00	PASS	1/1
17	41244435	T	C	468.00	PASS	1/1
1	156096417	T	G	434.00	PASS	1/1
11	2610034	C	G	153.00	PASS	0/1
3	123419733	A	G	327.00	PASS	1/1
17	7579472	G	C	414.00	PASS	1/1
17	7579472	G	C	168.00	PASS	0/1
1	156838297	G	C	225.00	PASS	0/1
1	156096387	G	A	383.00	PASS	1/1
7	6026988	G	A	110.00	PASS	0/1
17	41223094	T	C	426.00	PASS	1/1
13	32929387	T	C	623.00	PASS	1/1
19	39029201	G	A	131.00	PASS	0/1
17	41223094	T	C	209.00	PASS	0/1
3	123451773	G	C	369.00	PASS	1/1
1	55529187	G	A	223.00	PASS	1/1
3	37053568	A	G	137.00	PASS	0/1
13	32906729	A	C	194.00	PASS	0/1
17	41244000	T	C	455.00	PASS	1/1
3	38616876	C	T	110.00	PASS	0/1
17	41244000	T	C	202.00	PASS	0/1
11	111963860	A	G	443.00	PASS	1/1
17	41244435	T	C	231.00	PASS	0/1
17	7579472	G	C	82.00	PASS	0/1
11	111963860	A	G	323.00	PASS	1/1
5	112176756	T	A	231.00	PASS	0/1
17	41244000	T	C	405.00	PASS	1/1
15	67457335	A	G	186.00	PASS	0/1
3	14175262	T	C	94.00	PASS	0/1
17	41244936	G	A	419.00	PASS	1/1
15	67457335	A	G	373.00	PASS	1/1
1	156096417	T	G	196.00	PASS	0/1
12	33021934	A	G	444.00	PASS	1/1
17	7579472	G	C	106.00	PASS	0/1
2	48010488	G	A	138.00	PASS	0/1
17	41244000	T	C	202.00	PASS	0/1
17	41244936	G	A	419.00	PASS	1/1
1	156814027	G	A	75.00	PASS	0/1
7	6026775	T	C	368.00	PASS	1/1
3	37053568	A	G	106.00	PASS	0/1
12	33021934	A	G	444.00	PASS	1/1
3	37053568	A	G	106.00	PASS	0/1
5	112176756	T	A	181.00	PASS	0/1
1	45797505	C	G	88.00	PASS	0/1
7	6026988	G	A	192.00	PASS	0/1
3	38645420	T	C	150.00	PASS	0/1
18	29122799	G	A	190.00	PASS	0/1
1	201012484	C	T	173.00	PASS	0/1
17	41244000	T	C	455.00	PASS	1/1
11	111963860	A	G	149.00	PASS	0/1
3	123451773	G	C	478.00	PASS	1/1
11	111963860	A	G	129.00	PASS	0/1
11	64572018	T	C	395.00	PASS	1/1
17	7579472	G	C	355.00	PASS	1/1
7	150645534	T	G	73.00	PASS	0/1
1	156099669	T	G	471.00	PASS	1/1
3	38674699	G	A	138.00	PASS	0/1
17	41244000	T	C	160.00	PASS	0/1
17	41244936	G	A	419.00	PASS	1/1
1	45797505	C	G	88.00	PASS	0/1
19	39055854	A	G	98.00	PASS	0/1
2	21250914	G	A	592.00	PASS	1/1
11	64572018	T	C	376.00	PASS	1/1
5	112116562	C	G	117.00	PASS	0/1
7	6026775	T	C	122.00	PASS	0/1
17	41244936	G	A	196.00	PASS	0/1
3	38674699	G	A	113.00	PASS	0/1
17	41223094	T	C	581.00	PASS	1/1
3	123419573	G	T	341.00	PASS	1/1
15	67457335	A	G	350.00	PASS	1/1
3	123457893	G	A	489.00	PASS	1/1
17	41244435	T	C	179.00	PASS	0/1
14	23889247	A	G	0.00	LowGQX;HighDPFRatio	0/1
17	41244000	T	C	455.00	PASS	1/1
3	38645420	T	C	111.00	PASS	0/1
5	112178795	G	A	197.00	PASS	0/1
5	112176756	T	A	444.00	PASS	1/1
17	41244429	C	T	186.00	PASS	0/1
1	45797505	C	G	78.00	PASS	0/1
5	112176756	T	A	444.00	PASS	1/1
3	123453061	A	G	106.00	PASS	0/1
17	41244000	T	C	142.00	PASS	0/1
3	37053568	A	G	211.00	PASS	0/1
1	237755076	A	G	189.00	PASS	0/1
3	14175262	T	C	197.00	PASS	0/1
3	14183203	T	C	38.00	PASS	0/1
16	15931893	T	G	126.00	PASS	0/1
3	37053568	A	G	211.00	PASS	0/1
3	123419573	G	T	341.00	PASS	1/1
1	45797505	C	G	78.00	PASS	0/1
11	64572018	T	C	305.00	PASS	1/1
7	6026775	T	C	481.00	PASS	1/1
3	123457893	G	A	493.00	PASS	1/1
17	41223094	T	C	230.00	PASS	0/1
7	6026988	G	A	192.00	PASS	0/1
5	112176756	T	A	657.00	PASS	1/1
17	41244429	C	T	202.00	PASS	0/1
7	6026775	T	C	481.00	PASS	1/1
7	6026988	G	A	169.00	PASS	0/1
7	6026775	T	C	343.00	PASS	1/1
1	156096387	G	A	170.00	PASS	0/1
1	45797505	C	G	78.00	PASS	0/1
17	41244936	G	A	196.00	PASS	0/1
3	37053568	A	G	237.00	PASS	0/1
11	111963860	A	G	426.00	PASS	1/1
17	7579472	G	C	82.00	PASS	0/1
12	33049590	C	T	163.00	PASS	0/1
12	33049590	C	T	132.00	PASS	0/1
17	41244000	T	C	160.00	PASS	0/1
11	111963860	A	G	348.00	PASS	1/1
3	123451773	G	C	463.00	PASS	1/1
11	111963860	A	G	323.00	PASS	1/1
17	41223094	T	C	230.00	PASS	0/1
17	41244936	G	A	175.00	PASS	0/1
3	123457893	G	A	493.00	PASS	1/1
3	123458823	C	A	212.00	PASS	0/1
3	123419733	A	G	369.00	PASS	1/1
7	6026988	G	A	99.00	PASS	0/1
17	41223094	T	C	201.00	PASS	0/1
17	41223094	T	C	581.00	PASS	1/1
1	201052310	A	T	54.00	PASS	0/1
3	38674699	G	A	138.00	PASS	0/1
3	37053568	A	G	137.00	PASS	0/1
9	135786904	A	G	110.00	PASS	0/1
11	47370041	T	C	112.00	PASS	0/1
15	67457335	A	G	322.00	PASS	1/1
2	21239443	G	A	161.00	PASS	0/1
17	41244936	G	A	133.00	PASS	0/1
2	47643457	G	A	219.00	PASS	0/1
6	7580958	A	G	140.00	PASS	0/1
17	41244936	G	A	558.00	PASS	1/1
3	123419573	G	T	510.00	PASS	1/1
17	41244435	T	C	231.00	PASS	0/1
1	55529187	G	A	347.00	PASS	1/1
17	7579472	G	C	168.00	PASS	0/1
3	37053568	A	G	137.00	PASS	0/1
17	41244000	T	C	160.00	PASS	0/1
3	123453061	A	G	106.00	PASS	0/1
17	41244936	G	A	272.00	PASS	0/1
11	111963860	A	G	188.00	PASS	1/1
3	37053568	A	G	106.00	PASS	0/1
17	41244435	T	C	468.00	PASS	1/1
13	32914236	C	T	147.00	PASS	0/1
3	37053568	A	G	137.00	PASS	0/1
17	41244936	G	A	272.00	PASS	0/1
17	41244429	C	T	202.00	PASS	0/1
3	123451773	G	C	478.00	PASS	1/1
3	123451773	G	C	449.00	PASS	1/1
11	47364602	C	T	130.00	PASS	0/1
11	64572018	T	C	279.00	PASS	1/1
1	156096387	G	A	383.00	PASS	1/1
3	123457893	G	A	418.00	PASS	1/1
13	32906480	A	C	141.00	PASS	0/1
11	64572018	T	C	474.00	PASS	1/1
3	37053568	A	G	521.00	PASS	1/1
17	41244435	T	C	179.00	PASS	0/1
3	38645420	T	C	150.00	PASS	0/1
17	41244435	T	C	462.00	PASS	1/1
17	41244000	T	C	160.00	PASS	0/1
17	41244000	T	C	142.00	PASS	0/1
1	201016296	G	A	200.00	PASS	0/1
18	28649042	T	C	140.00	PASS	0/1
3	38645378	G	T	100.00	PASS	0/1
3	38645420	T	C	82.00	PASS	0/1
7	6026988	G	A	337.00	PASS	1/1
3	123419573	G	T	341.00	PASS	1/1
17	7579472	G	C	353.00	PASS	1/1
17	7579472	G	C	82.00	PASS	0/1
15	67457335	A	G	387.00	PASS	1/1
3	123457893	G	A	344.00	PASS	1/1
2	21225281	C	T	535.00	PASS	1/1
7	150642517	G	A	131.00	PASS	0/1
11	111963860	A	G	411.00	PASS	1/1
7	150645534	T	G	25.00	LowGQX	0/1
1	201047133	C	A	67.00	PASS	0/1
17	41244936	G	A	272.00	PASS	0/1
5	112116562	C	G	117.00	PASS	0/1
17	41244435	T	C	468.00	PASS	1/1
17	41244936	G	A	272.00	PASS	0/1
3	123419573	G	T	352.00	PASS	1/1
17	41244429	C	T	202.00	PASS	0/1
17	7579472	G	C	414.00	PASS	1/1
11	111963860	A	G	308.00	PASS	1/1
17	41244000	T	C	455.00	PASS	1/1
17	41244000	T	C	142.00	PASS	0/1
17	7579472	G	C	82.00	PASS	0/1
3	37053568	A	G	218.00	PASS	0/1
17	41244000	T	C	214.00	PASS	0/1
3	37053568	A	G	237.00	PASS	0/1
11	111963860	A	G	308.00	PASS	1/1
3	123451773	G	C	449.00	PASS	1/1
11	111963860	A	G	426.00	PASS	1/1
17	7579472	G	C	419.00	PASS	1/1
5	112176756	T	A	568.00	PASS	1/1
1	45797505	C	G	78.00	PASS	0/1
13	32929387	T	C	682.00	PASS	1/1
19	39029201	G	A	85.00	PASS	0/1
17	41244000	T	C	160.00	PASS	0/1
1	55529187	G	A	219.00	PASS	1/1
1	156096387	G	A	163.00	PASS	0/1
17	41244435	T	C	151.00	PASS	0/1
19	11233940	G	A	191.00	PASS	0/1
3	38616876	C	T	110.00	PASS	0/1
12	33049590	C	T	163.00	PASS	0/1
3	38645420	T	C	111.00	PASS	0/1
1	55529187	G	A	377.00	PASS	1/1
1	55529187	G	A	328.00	PASS	1/1
17	7579472	G	C	353.00	PASS	1/1
7	6026775	T	C	343.00	PASS	1/1
7	150645534	T	G	25.00	LowGQX	0/1
17	41244435	T	C	159.00	PASS	0/1
11	2869129	G	A	91.00	PASS	0/1
5	112176756	T	A	480.00	PASS	1/1
7	6026775	T	C	101.00	PASS	0/1
3	123453061	A	G	285.00	PASS	1/1
17	41244435	T	C	179.00	PASS	0/1
5	112176756	T	A	449.00	PASS	1/1
6	7565727	A	T	212.00	PASS	0/1
3	37053568	A	G	186.00	PASS	0/1
3	38674699	G	A	138.00	PASS	0/1
19	39029201	G	A	131.00	PASS	0/1
3	123457893	G	A	425.00	PASS	1/1
17	41223094	T	C	225.00	PASS	0/1
13	32972884	A	G	182.00	PASS	0/1
3	37053568	A	G	211.00	PASS	0/1
7	6026988	G	A	149.00	PASS	0/1
17	41244000	T	C	214.00	PASS	0/1
15	67457335	A	G	350.00	PASS	1/1
17	41246481	T	C	202.00	PASS	0/1
17	41246481	T	C	202.00	PASS	0/1
13	32929387	T	C	402.00	PASS	1/1
3	38645378	G	T	118.00	PASS	0/1
3	38645420	T	C	82.00	PASS	0/1
3	37053568	A	G	137.00	PASS	0/1
17	41244936	G	A	133.00	PASS	0/1
17	41244936	G	A	175.00	PASS	0/1
3	14175262	T	C	120.00	PASS	0/1
3	37053568	A	G	137.00	PASS	0/1
17	41244000	T	C	214.00	PASS	0/1
7	6026942	G	T	157.00	PASS	0/1
17	7579472	G	C	419.00	PASS	1/1
5	112176756	T	A	181.00	PASS	0/1
19	39055854	A	T	0.00	LowGQX;HighDPFRatio	0/1
7	6026988	G	A	110.00	PASS	0/1
3	38645420	T	C	82.00	PASS	0/1
1	156096417	T	G	100.00	PASS	0/1
3	123457893	G	A	425.00	PASS	1/1
3	38645378	G	T	118.00	PASS	0/1
17	41244429	C	T	186.00	PASS	0/1
5	112176756	T	A	463.00	PASS	1/1
1	201009182	A	G	416.00	PASS	1/1
17	41223094	T	C	209.00	PASS	0/1
3	37053568	A	G	186.00	PASS	0/1
17	41244435	T	C	159.00	PASS	0/1
1	201012484	C	T	142.00	PASS	0/1
17	41244936	G	A	175.00	PASS	0/1
3	37053568	A	G	237.00	PASS	0/1
3	123451773	G	C	454.00	PASS	1/1
17	41244435	T	C	231.00	PASS	0/1
3	38674699	G	A	113.00	PASS	0/1
1	156096417	T	G	100.00	PASS	0/1
1	156099669	T	G	105.00	PASS	0/1
1	237841390	A	G	162.00	PASS	0/1
1	55524237	G	A	257.00	PASS	1/1
17	41244435	T	C	462.00	PASS	1/1
1	237841390	A	G	650.00	PASS	1/1
3	123451773	G	C	533.00	PASS	1/1
11	64572018	T	C	279.00	PASS	1/1
17	41244435	T	C	179.00	PASS	0/1
3	38645420	T	C	111.00	PASS	0/1
19	11233940	G	A	191.00	PASS	0/1
7	6026988	G	A	368.00	PASS	1/1
12	33021934	A	G	124.00	PASS	0/1
3	123457893	G	A	453.00	PASS	1/1
1	237755076	A	G	151.00	PASS	0/1
17	41244936	G	A	419.00	PASS	1/1
2	189875421	T	G	609.00	PASS	1/1
3	123451773	G	C	478.00	PASS	1/1
2	21250914	G	A	487.00	PASS	1/1
11	64572018	T	C	474.00	PASS	1/1
17	41244000	T	C	214.00	PASS	0/1
7	6026988	G	A	357.00	PASS	1/1
11	111963860	A	G	348.00	PASS	1/1
17	41244435	T	C	151.00	PASS	0/1
11	111963860	A	G	443.00	PASS	1/1
15	67457335	A	G	208.00	PASS	0/1
3	37053568	A	G	218.00	PASS	0/1
3	38645420	T	C	82.00	PASS	0/1
17	41244936	G	A	133.00	PASS	0/1
1	156814027	G	A	137.00	PASS	0/1
7	6026775	T	C	326.00	PASS	1/1
17	41244429	C	T	202.00	PASS	0/1
17	41223094	T	C	230.00	PASS	0/1
17	41223094	T	C	209.00	PASS	0/1
9	135786904	A	G	104.00	PASS	0/1
3	123451773	G	C	386.00	PASS	1/1
17	41244936	G	A	196.00	PASS	0/1
13	32913091	A	C	195.00	PASS	0/1
1	156096417	T	G	196.00	PASS	0/1
1	237841390	A	G	162.00	PASS	0/1
3	37053568	A	G	211.00	PASS	0/1
7	6026988	G	A	368.00	PASS	1/1
2	48010488	G	A	147.00	PASS	0/1
3	123419573	G	T	510.00	PASS	1/1
3	38645420	T	C	114.00	PASS	0/1
2	21232803	T	C	720.00	PASS	1/1
17	41244936	G	A	419.00	PASS	1/1
2	21225281	C	T	217.00	PASS	0/1
11	64572018	T	C	78.00	PASS	0/1
14	23889326	C	T	0.00	LowGQX	0/1
1	201052310	A	T	204.00	PASS	1/1
2	21225753	C	T	141.00	PASS	0/1
11	64572018	T	C	376.00	PASS	1/1
17	41244429	C	T	202.00	PASS	0/1
17	41244000	T	C	214.00	PASS	0/1
17	41244435	T	C	179.00	PASS	0/1
3	38674699	G	A	113.00	PASS	0/1
6	7565727	A	T	212.00	PASS	0/1
11	64572018	T	C	149.00	PASS	0/1
17	41244435	T	C	159.00	PASS	0/1
2	21225281	C	T	824.00	PASS	1/1
3	38645378	G	T	118.00	PASS	0/1
13	32929387	T	C	682.00	PASS	1/1
11	64572018	T	C	380.00	PASS	1/1
2	21232803	T	C	594.00	PASS	1/1
17	41244435	T	C	231.00	PASS	0/1
17	41223094	T	C	581.00	PASS	1/1
1	156096387	G	A	383.00	PASS	1/1
17	41244435	T	C	179.00	PASS	0/1
17	41223094	T	C	581.00	PASS	1/1
17	7579472	G	C	153.00	PASS	0/1
3	37053568	A	G	106.00	PASS	0/1
17	7579472	G	C	173.00	PASS	0/1
17	41244435	T	C	151.00	PASS	0/1
17	41244429	C	T	186.00	PASS	0/1
10	43610119	G	A	182.00	PASS	0/1
5	112176756	T	A	231.00	PASS	0/1
17	7579472	G	C	371.00	PASS	1/1
1	156099669	T	G	118.00	PASS	0/1
3	38645420	T	C	290.00	PASS	1/1
3	123457893	G	A	394.00	PASS	1/1
17	41244429	C	T	186.00	PASS	0/1
15	67457335	A	G	387.00	PASS	1/1
17	41246481	T	C	202.00	PASS	0/1
3	123451773	G	C	475.00	PASS	1/1
7	6026775	T	C	479.00	PASS	1/1
1	45800156	C	T	135.00	PASS	0/1
16	2138544	C	G	217.00	PASS	0/1
1	55505668	C	T	89.00	PASS	0/1
17	41244936	G	A	133.00	PASS	0/1
17	41244000	T	C	202.00	PASS	0/1
3	38645420	T	C	84.00	PASS	0/1
3	123457893	G	A	339.00	PASS	1/1
14	23889427	A	C	0.00	LowGQX	0/1
17	41244435	T	C	159.00	PASS	0/1
18	29099850	G	A	122.00	PASS	0/1
17	7579472	G	C	371.00	PASS	1/1
3	37053568	A	G	186.00	PASS	0/1
5	112176756	T	A	480.00	PASS	1/1
1	55524237	G	A	357.00	PASS	1/1
7	6026988	G	A	337.00	PASS	1/1
1	55524237	G	A	273.00	PASS	1/1
10	43608354	G	A	130.00	PASS	0/1
5	112176756	T	A	481.00	PASS	1/1
17	41244936	G	A	175.00	PASS	0/1
13	32929387	T	C	516.00	PASS	1/1
11	64572018	T	C	305.00	PASS	1/1
1	45800156	C	T	135.00	PASS	0/1
16	2138570	C	T	127.00	PASS	0/1
17	41223094	T	C	225.00	PASS	0/1
3	38645420	T	C	150.00	PASS	0/1
15	67457335	A	G	197.00	PASS	0/1
17	7579472	G	C	153.00	PASS	0/1
7	150645534	T	G	100.00	PASS	0/1
5	112176756	T	A	374.00	PASS	1/1
11	64572018	T	C	384.00	PASS	1/1
17	41244435	T	C	231.00	PASS	0/1
1	55529187	G	A	283.00	PASS	1/1
11	64572018	T	C	338.00	PASS	1/1
17	41244435	T	C	159.00	PASS	0/1
3	123419573	G	T	510.00	PASS	1/1
1	55505668	C	T	132.00	PASS	0/1
19	11242133	G	A	141.00	PASS	0/1
19	11233940	G	A	191.00	PASS	0/1
17	41244429	C	T	202.00	PASS	0/1
17	41244429	C	T	186.00	PASS	0/1
1	156838297	G	C	157.00	PASS	0/1
6	7580958	A	G	140.00	PASS	0/1
17	7579472	G	C	419.00	PASS	1/1
13	32929387	T	C	623.00	PASS	1/1
17	7579472	G	C	414.00	PASS	1/1
5	112176756	T	A	444.00	PASS	1/1
5	112178795	G	A	140.00	PASS	0/1
7	6026775	T	C	378.00	PASS	1/1
18	29122799	G	A	177.00	PASS	0/1
17	7579472	G	C	419.00	PASS	1/1
2	21250914	G	A	187.00	PASS	0/1
7	6026775	T	C	122.00	PASS	0/1
17	41244429	C	T	186.00	PASS	0/1
3	123451773	G	C	449.00	PASS	1/1
3	14174427	A	T	118.00	PASS	0/1
17	41246481	T	C	202.00	PASS	0/1
17	7579472	G	C	353.00	PASS	1/1
3	123451773	G	C	346.00	PASS	1/1
11	111963860	A	G	496.00	PASS	1/1
3	123419573	G	T	341.00	PASS	1/1
3	123451773	G	C	369.00	PASS	1/1
3	37053568	A	G	211.00	PASS	0/1
3	123453061	A	G	285.00	PASS	1/1
13	32929387	T	C	546.00	PASS	1/1
3	123451773	G	C	467.00	PASS	1/1
7	6026775	T	C	326.00	PASS	1/1
2	47739551	A	G	407.00	PASS	1/1
17	41244435	T	C	462.00	PASS	1/1
5	112176756	T	A	449.00	PASS	1/1
3	123457893	G	A	425.00	PASS	1/1
17	41244435	T	C	462.00	PASS	1/1
3	123457893	G	A	489.00	PASS	1/1
5	112176756	T	A	558.00	PASS	1/1
17	7579472	G	C	371.00	PASS	1/1
17	41223094	T	C	225.00	PASS	0/1
11	111963860	A	G	411.00	PASS	1/1
17	41244435	T	C	179.00	PASS	0/1
11	64572018	T	C	149.00	PASS	0/1
17	41244435	T	C	231.00	PASS	0/1
1	156099669	T	G	105.00	PASS	0/1
11	2610034	C	G	153.00	PASS	0/1
17	7579472	G	C	353.00	PASS	1/1
17	41223094	T	C	201.00	PASS	0/1
3	123453061	A	G	315.00	PASS	1/1
3	123451773	G	C	463.00	PASS	1/1
3	38645378	G	T	100.00	PASS	0/1
3	37053568	A	G	218.00	PASS	0/1
17	41244000	T	C	202.00	PASS	0/1
17	41244936	G	A	196.00	PASS	0/1
1	45797505	C	G	189.00	PASS	0/1
17	41244936	G	A	419.00	PASS	1/1
11	64572018	T	C	376.00	PASS	1/1
3	123451773	G	C	475.00	PASS	1/1
3	37053568	A	G	137.00	PASS	0/1
1	237841390	A	G	650.00	PASS	1/1
3	37053568	A	G	521.00	PASS	1/1
7	6026988	G	A	138.00	PASS	0/1
11	64572018	T	C	376.00	PASS	1/1
17	7579472	G	C	250.00	PASS	1/1
17	41244936	G	A	133.00	PASS	0/1
17	41223094	T	C	209.00	PASS	0/1
3	38645420	T	C	150.00	PASS	0/1
3	38645420	T	C	290.00	PASS	1/1
1	156099669	T	G	118.00	PASS	0/1
17	41244000	T	C	405.00	PASS	1/1
3	37053568	A	G	218.00	PASS	0/1
3	38616876	C	T	110.00	PASS	0/1
10	43608354	G	A	130.00	PASS	0/1
18	29126558	C	T	176.00	PASS	0/1
7	6026988	G	A	110.00	PASS	0/1
1	237841390	A	G	153.00	PASS	0/1
3	123457893	G	A	480.00	PASS	1/1
11	64572018	T	C	395.00	PASS	1/1
7	6026775	T	C	122.00	PASS	0/1
15	67457335	A	G	186.00	PASS	0/1
17	41244000	T	C	142.00	PASS	0/1
3	123451773	G	C	533.00	PASS	1/1
17	41244936	G	A	133.00	PASS	0/1
7	6026988	G	A	138.00	PASS	0/1
7	6026988	G	A	352.00	PASS	1/1
7	6026775	T	C	101.00	PASS	0/1
1	156099669	T	G	471.00	PASS	1/1
16	15818842	A	G	122.00	PASS	0/1
17	7579472	G	C	353.00	PASS	1/1
3	123419573	G	T	510.00	PASS	1/1
1	156838297	G	C	225.00	PASS	0/1
11	47357479	C	T	149.00	PASS	0/1
3	123419573	G	T	352.00	PASS	1/1
7	6026988	G	A	110.00	PASS	0/1
7	6013049	C	G	10.00	LowGQX	0/1
3	123457893	G	A	429.00	PASS	1/1
2	47739551	A	G	176.00	PASS	0/1
3	123457893	G	A	344.00	PASS	1/1
2	48010488	G	A	25.00	LowGQX	0/1
3	123451773	G	C	463.00	PASS	1/1
7	6026988	G	A	368.00	PASS	1/1
1	156814027	G	A	137.00	PASS	0/1
11	64572018	T	C	474.00	PASS	1/1
7	6013049	C	G	3.00	LowGQX	0/1
3	123451773	G	C	386.00	PASS	1/1
3	38645420	T	C	150.00	PASS	0/1
7	6026988	G	A	149.00	PASS	0/1
17	41223094	T	C	201.00	PASS	0/1
19	39008026	A	G	165.00	PASS	0/1
12	33031309	T	C	135.00	PASS	0/1
16	2138570	C	T	127.00	PASS	0/1
1	237778084	G	A	148.00	PASS	0/1
17	41244429	C	T	186.00	PASS	0/1
7	6026988	G	A	352.00	PASS	1/1
17	41244435	T	C	231.00	PASS	0/1
7	6026775	T	C	368.00	PASS	1/1
17	41223094	T	C	426.00	PASS	1/1
5	112176756	T	A	568.00	PASS	1/1
19	39029201	G	A	126.00	PASS	0/1
3	123457893	G	A	425.00	PASS	1/1
17	7579472	G	C	173.00	PASS	0/1
1	237841390	A	G	153.00	PASS	0/1
17	41244435	T	C	468.00	PASS	1/1
17	41244936	G	A	272.00	PASS	0/1
5	112176756	T	A	463.00	PASS	1/1
1	55524237	G	A	146.00	PASS	0/1
2	21232803	T	C	467.00	PASS	1/1
17	41244435	T	C	159.00	PASS	0/1
17	41244936	G	A	196.00	PASS	0/1
5	112176756	T	A	449.00	PASS	1/1
11	64572018	T	C	380.00	PASS	1/1
17	7579472	G	C	250.00	PASS	1/1
5	112176756	T	A	463.00	PASS	1/1
17	41244000	T	C	405.00	PASS	1/1
1	156096387	G	A	170.00	PASS	0/1
