sample_id,chr,pos,ref,alt,gt,qual,filter,ensembl_start,ensembl_stop,feature,ensembl_gene_name,ensembl_geneid,ensembl_gene_biotype,ensembl_tx_name,ensembl_trans_id,ensembl_exonid,rsid,allele_freqpct,allele_count,pos,ref,alt
102-01197-02,11,43694708,C,T,0/1,166.00,PASS,43694541,43694812,exon,HSD17B12,ENSG00000149084,protein_coding,HSD17B12-008,ENST00000526615,ENSE00002152962,NULL,0.0059499998315,1,43694708,C,T
102-01197-01,5,118877677,C,T,0/1,128.00,PASS,118877600,118877711,exon,HSD17B4,ENSG00000133835,protein_coding,HSD17B4-029,ENST00000522415,ENSE00002094465,rs12714,1.72291006893,2477,118877677,C,T
102-01197-02,9,99003102,C,T,0/1,180.00,PASS,99003040,99003189,CDS,HSD17B3,ENSG00000130948,protein_coding,HSD17B3-005,ENST00000375263,NULL,NULL,NULL,NULL,NULL,NULL,NULL
102-01197-01,11,43852180,A,G,0/1,61.00,PASS,43851613,43852560,exon,HSD17B12,ENSG00000149084,protein_coding,HSD17B12-004,ENST00000533090,ENSE00002166351,rs72894480,7.66941010952,1288,43852180,A,G
102-01197-02,18,47318683,A,T,0/1,192.00,PASS,47318522,47318697,exon,ACAA2,ENSG00000167315,protein_coding,ACAA2-003,ENST00000587994,ENSE00001151973,rs149436920,0.669830013067,963,47318683,A,T
102-01197-01,5,118877677,C,T,0/1,128.00,PASS,118877600,118878028,exon,HSD17B4,ENSG00000133835,protein_coding,HSD17B4-001,ENST00000256216,ENSE00001833743,rs12714,1.72291006893,2477,118877677,C,T
102-01197-03,17,40702252,C,T,0/1,62.00,PASS,40701232,40705048,exon,HSD17B1,ENSG00000108786,protein_coding,HSD17B1-001,ENST00000585807,ENSE00001329245,rs62075836,7.8778102994,1323,40702252,C,T
102-01197-01,11,43827934,A,C,0/1,190.00,PASS,43827795,43828011,exon,HSD17B12,ENSG00000149084,protein_coding,HSD17B12-013,ENST00000532178,ENSE00002197210,rs61883823,4.42419983447,743,43827934,A,C
102-01197-03,18,47339364,C,T,1/1,385.00,PASS,47339095,47339412,exon,ACAA2,ENSG00000167315,protein_coding,ACAA2-007,ENST00000589432,ENSE00002782746,rs75954532,8.78290012479,1475,47339364,C,T
102-01197-02,2,26413817,C,T,0/1,145.00,PASS,26413504,26414264,exon,HADHA,ENSG00000084754,protein_coding,HADHA-001,ENST00000380649,ENSE00001485736,rs563390836,0.00139000003401,2,26413817,C,T
102-01197-02,5,118972185,C,T,0/1,326.00,PASS,118971395,118972894,exon,HSD17B4,ENSG00000133835,protein_coding,HSD17B4-008,ENST00000515235,ENSE00003402591,rs12500561,6.16886988282,1036,118972185,C,T
102-01197-03,11,43876002,T,C,0/1,200.00,PASS,43873597,43876414,exon,HSD17B12,ENSG00000149084,protein_coding,HSD17B12-003,ENST00000525736,ENSE00002197486,rs192566728,0.107180001214,18,43876002,T,C
102-01197-01,5,118788196,C,G,0/1,134.00,PASS,118788192,118788328,exon,HSD17B4,ENSG00000133835,protein_coding,HSD17B4-002,ENST00000515320,ENSE00002021057,rs26180,6.72819986939,9673,118788196,C,G
102-01197-03,5,118831460,G,A,0/1,209.00,PASS,118831427,118831508,CDS,HSD17B4,ENSG00000133835,protein_coding,HSD17B4-006,ENST00000509514,NULL,rs80063787,2.12008003145,3048,118831460,G,A
102-01197-01,11,43877726,A,G,0/1,223.00,PASS,43876694,43878160,exon,HSD17B12,ENSG00000149084,protein_coding,HSD17B12-001,ENST00000278353,ENSE00001182848,rs561907837,0.0119099997391,2,43877726,A,G
102-01197-03,18,47318683,A,T,0/1,247.00,PASS,47318522,47318697,CDS,ACAA2,ENSG00000167315,protein_coding,ACAA2-001,ENST00000285093,NULL,rs149436920,0.669830013067,963,47318683,A,T
102-01197-02,11,43694708,C,T,0/1,166.00,PASS,43694541,43694832,exon,HSD17B12,ENSG00000149084,protein_coding,HSD17B12-011,ENST00000532989,ENSE00002201669,rs72906858,4.98391985893,837,43694708,C,T
102-01197-01,11,43876813,A,C,0/1,189.00,PASS,43876694,43877448,exon,HSD17B12,ENSG00000149084,protein_coding,HSD17B12-004,ENST00000533090,ENSE00002162898,rs11037683,5.47549016774,7872,43876813,A,C
102-01197-01,3,184911203,G,A,0/1,215.00,PASS,184908412,184911275,exon,EHHADH,ENSG00000113790,protein_coding,EHHADH-001,ENST00000231887,ENSE00000871360,rs144464757,0.0980700016953,141,184911203,G,A
102-01197-02,11,43694708,C,T,0/1,166.00,PASS,43694541,43694793,exon,HSD17B12,ENSG00000149084,protein_coding,HSD17B12-010,ENST00000533358,ENSE00002168359,NULL,0.0059499998315,1,43694708,C,T
102-01197-03,11,43876002,T,C,0/1,200.00,PASS,43873597,43876414,exon,HSD17B12,ENSG00000149084,protein_coding,HSD17B12-003,ENST00000525736,ENSE00002197486,rs574290595,0.017860000662,3,43876002,T,C
102-01197-02,2,26505915,CT,C,0/1,637.00,PASS,26505872,26505919,exon,HADHB,ENSG00000138029,protein_coding,HADHB-001,ENST00000317799,ENSE00003480534,NULL,NULL,NULL,NULL,NULL,NULL
102-01197-01,5,118971591,TTTC,T,0/1,530.00,PASS,118971395,118972894,exon,HSD17B4,ENSG00000133835,protein_coding,HSD17B4-008,ENST00000515235,ENSE00003402591,rs370914885,0.565680023283,95,118971591,TTTC,T
102-01197-02,2,26505915,CT,C,0/1,637.00,PASS,26505872,26505919,CDS,HADHB,ENSG00000138029,protein_coding,HADHB-001,ENST00000317799,NULL,NULL,NULL,NULL,NULL,NULL,NULL
102-01197-02,2,26455127,G,A,0/1,125.00,PASS,26455028,26455147,CDS,HADHA,ENSG00000084754,protein_coding,HADHA-201,ENST00000457468,NULL,NULL,0.0059499998315,1,26455127,G,A
102-01197-03,16,82124776,G,T,1/1,555.00,PASS,82124507,82124781,CDS,HSD17B2,ENSG00000086696,protein_coding,HSD17B2-005,ENST00000566838,NULL,rs187132866,0.0476399989566,8,82124776,G,T
102-01197-03,2,26505915,CT,C,0/1,718.00,PASS,26505872,26505919,exon,HADHB,ENSG00000138029,protein_coding,HADHB-201,ENST00000537713,ENSE00003480534,NULL,NULL,NULL,NULL,NULL,NULL
102-01197-01,11,43877726,A,G,0/1,223.00,PASS,43876694,43878167,exon,HSD17B12,ENSG00000149084,protein_coding,HSD17B12-003,ENST00000525736,ENSE00002201515,rs561907837,0.0119099997391,2,43877726,A,G
102-01197-03,10,38667003,A,G,0/1,135.00,PASS,38666913,38667124,exon,HSD17B7P2,ENSG00000099251,pseudogene,HSD17B7P2-202,ENST00000356314,ENSE00003466598,rs2804622,3.6384999752,5231,38667003,A,G
102-01197-01,11,43877726,A,G,0/1,223.00,PASS,43876694,43878167,exon,HSD17B12,ENSG00000149084,protein_coding,HSD17B12-003,ENST00000525736,ENSE00002201515,rs578099036,0.0595499994233,10,43877726,A,G
102-01197-01,5,118877677,C,T,0/1,128.00,PASS,118877600,118877947,exon,HSD17B4,ENSG00000133835,protein_coding,HSD17B4-006,ENST00000509514,ENSE00003611094,rs12714,1.72291006893,2477,118877677,C,T
102-01197-01,11,43877726,A,G,0/1,223.00,PASS,43876694,43878160,exon,HSD17B12,ENSG00000149084,protein_coding,HSD17B12-001,ENST00000278353,ENSE00001182848,rs578099036,0.0595499994233,10,43877726,A,G
102-01197-01,5,118877677,C,T,0/1,128.00,PASS,118877600,118877686,CDS,HSD17B4,ENSG00000133835,protein_coding,HSD17B4-001,ENST00000256216,NULL,rs12714,1.72291006893,2477,118877677,C,T
102-01197-03,9,99003102,C,T,0/1,192.00,PASS,99003040,99003189,exon,HSD17B3,ENSG00000130948,protein_coding,HSD17B3-005,ENST00000375263,ENSE00003604146,NULL,NULL,NULL,NULL,NULL,NULL
102-01197-03,4,88225032,T,TGTTA,0/1,945.00,PASS,88224941,88226460,exon,HSD17B13,ENSG00000170509,protein_coding,HSD17B13-002,ENST00000302219,ENSE00001333686,rs201024861,0.0119099997391,2,88225032,T,TGTTA
102-01197-03,11,43852180,A,G,1/1,684.00,PASS,43851613,43852560,exon,HSD17B12,ENSG00000149084,protein_coding,HSD17B12-004,ENST00000533090,ENSE00002166351,rs72894480,7.66941010952,1288,43852180,A,G
102-01197-03,16,82068897,T,C,1/1,526.00,PASS,82068837,82069294,exon,HSD17B2,ENSG00000086696,protein_coding,HSD17B2-001,ENST00000199936,ENSE00002598582,rs4445895,9.09243002534,13072,82068897,T,C
102-01197-01,4,88238293,T,C,0/1,121.00,PASS,88238244,88238375,CDS,HSD17B13,ENSG00000170509,protein_coding,HSD17B13-001,ENST00000328546,NULL,rs201763274,0.0208700002986,30,88238293,T,C
102-01197-02,10,38667067,A,G,0/1,205.00,PASS,38666913,38667124,exon,HSD17B7P2,ENSG00000099251,pseudogene,HSD17B7P2-202,ENST00000356314,ENSE00003466598,rs571149853,0.0238199994783,4,38667067,A,G
102-01197-03,3,184911203,G,A,0/1,171.00,PASS,184909758,184911275,exon,EHHADH,ENSG00000113790,protein_coding,EHHADH-002,ENST00000456310,ENSE00001666192,rs144464757,0.0980700016953,141,184911203,G,A
102-01197-02,9,99003102,C,T,0/1,180.00,PASS,99003040,99003189,exon,HSD17B3,ENSG00000130948,protein_coding,HSD17B3-005,ENST00000375263,ENSE00003604146,NULL,NULL,NULL,NULL,NULL,NULL
102-01197-02,2,26505915,CT,C,0/1,637.00,PASS,26505872,26505919,exon,HADHB,ENSG00000138029,protein_coding,HADHB-201,ENST00000537713,ENSE00003480534,NULL,NULL,NULL,NULL,NULL,NULL
102-01197-02,10,38667067,A,G,0/1,205.00,PASS,38666913,38667124,exon,HSD17B7P2,ENSG00000099251,pseudogene,HSD17B7P2-201,ENST00000277668,ENSE00003502745,rs571149853,0.0238199994783,4,38667067,A,G
102-01197-01,11,43876829,A,G,0/1,165.00,PASS,43876694,43878167,exon,HSD17B12,ENSG00000149084,protein_coding,HSD17B12-003,ENST00000525736,ENSE00002201515,rs11037684,5.47339990735,7869,43876829,A,G
102-01197-03,18,47318683,A,T,0/1,247.00,PASS,47318522,47318697,exon,ACAA2,ENSG00000167315,protein_coding,ACAA2-001,ENST00000285093,ENSE00001151973,rs149436920,0.669830013067,963,47318683,A,T
102-01197-02,2,26455127,G,A,0/1,125.00,PASS,26455028,26455147,exon,HADHA,ENSG00000084754,protein_coding,HADHA-201,ENST00000457468,ENSE00000932327,NULL,0.0059499998315,1,26455127,G,A
102-01197-02,2,26468131,GGTGT,G,0/1,688.00,PASS,26467998,26468309,exon,HADHB,ENSG00000138029,protein_coding,HADHB-005,ENST00000412805,ENSE00001685713,rs3839048,0.702629983425,118,26468131,GGTGT,G
102-01197-02,18,47318683,A,T,0/1,192.00,PASS,47318522,47318697,exon,ACAA2,ENSG00000167315,protein_coding,ACAA2-001,ENST00000285093,ENSE00001151973,rs149436920,0.669830013067,963,47318683,A,T
102-01197-01,4,88238293,T,C,0/1,121.00,PASS,88238244,88238375,exon,HSD17B13,ENSG00000170509,protein_coding,HSD17B13-002,ENST00000302219,ENSE00001175844,rs201763274,0.0208700002986,30,88238293,T,C
102-01197-03,10,38667003,A,G,0/1,135.00,PASS,38666913,38667124,exon,HSD17B7P2,ENSG00000099251,pseudogene,HSD17B7P2-201,ENST00000277668,ENSE00003502745,rs2804622,3.6384999752,5231,38667003,A,G
102-01197-03,17,40702760,C,T,0/1,85.00,PASS,40701232,40705048,exon,HSD17B1,ENSG00000108786,protein_coding,HSD17B1-001,ENST00000585807,ENSE00001329245,rs184482331,1.54817001894,260,40702760,C,T
102-01197-02,18,47318683,A,T,0/1,192.00,PASS,47318522,47318697,CDS,ACAA2,ENSG00000167315,protein_coding,ACAA2-001,ENST00000285093,NULL,rs149436920,0.669830013067,963,47318683,A,T
102-01197-03,5,118788196,C,G,0/1,194.00,PASS,118788138,118788328,exon,HSD17B4,ENSG00000133835,protein_coding,HSD17B4-001,ENST00000256216,ENSE00002062781,rs26180,6.72819986939,9673,118788196,C,G
102-01197-01,5,118877677,C,T,0/1,128.00,PASS,118877600,118877686,CDS,HSD17B4,ENSG00000133835,protein_coding,HSD17B4-003,ENST00000504811,NULL,rs12714,1.72291006893,2477,118877677,C,T
102-01197-03,9,98997810,C,T,0/1,115.00,PASS,98997745,98997852,CDS,HSD17B3,ENSG00000130948,protein_coding,HSD17B3-005,ENST00000375263,NULL,rs2066479,7.16570988297,10302,98997810,C,T
102-01197-02,9,99003102,C,T,0/1,180.00,PASS,99003040,99003189,exon,HSD17B3,ENSG00000130948,protein_coding,HSD17B3-003,ENST00000484816,ENSE00003500897,NULL,NULL,NULL,NULL,NULL,NULL
102-01197-03,11,43877726,A,G,0/1,180.00,PASS,43876694,43878167,exon,HSD17B12,ENSG00000149084,protein_coding,HSD17B12-003,ENST00000525736,ENSE00002201515,rs578099036,0.0595499994233,10,43877726,A,G
102-01197-03,9,98997810,C,T,0/1,115.00,PASS,98997588,98997852,exon,HSD17B3,ENSG00000130948,protein_coding,HSD17B3-002,ENST00000494814,ENSE00003606735,rs2066479,7.16570988297,10302,98997810,C,T
102-01197-03,9,99003102,C,T,0/1,192.00,PASS,99003040,99003189,CDS,HSD17B3,ENSG00000130948,protein_coding,HSD17B3-005,ENST00000375263,NULL,NULL,NULL,NULL,NULL,NULL,NULL
102-01197-03,10,38667067,A,G,0/1,144.00,PASS,38666913,38667124,exon,HSD17B7P2,ENSG00000099251,pseudogene,HSD17B7P2-201,ENST00000277668,ENSE00003502745,rs571149853,0.0238199994783,4,38667067,A,G
102-01197-01,5,118877677,C,T,0/1,128.00,PASS,118877600,118877686,CDS,HSD17B4,ENSG00000133835,protein_coding,HSD17B4-002,ENST00000515320,NULL,rs12714,1.72291006893,2477,118877677,C,T
102-01197-01,4,88238293,T,C,0/1,121.00,PASS,88238244,88238375,CDS,HSD17B13,ENSG00000170509,protein_coding,HSD17B13-002,ENST00000302219,NULL,rs201763274,0.0208700002986,30,88238293,T,C
102-01197-03,9,99003102,C,T,0/1,192.00,PASS,99003040,99003189,exon,HSD17B3,ENSG00000130948,protein_coding,HSD17B3-002,ENST00000494814,ENSE00003500897,NULL,NULL,NULL,NULL,NULL,NULL
102-01197-01,5,118877677,C,T,0/1,128.00,PASS,118877600,118877964,exon,HSD17B4,ENSG00000133835,protein_coding,HSD17B4-005,ENST00000510025,ENSE00002085181,rs12714,1.72291006893,2477,118877677,C,T
102-01197-02,9,99003102,C,T,0/1,180.00,PASS,99003040,99003189,exon,HSD17B3,ENSG00000130948,protein_coding,HSD17B3-002,ENST00000494814,ENSE00003500897,NULL,NULL,NULL,NULL,NULL,NULL
102-01197-03,3,184911203,G,A,0/1,171.00,PASS,184908412,184911275,exon,EHHADH,ENSG00000113790,protein_coding,EHHADH-001,ENST00000231887,ENSE00000871360,rs144464757,0.0980700016953,141,184911203,G,A
102-01197-03,2,26505915,CT,C,0/1,718.00,PASS,26505872,26505919,exon,HADHB,ENSG00000138029,protein_coding,HADHB-001,ENST00000317799,ENSE00003480534,NULL,NULL,NULL,NULL,NULL,NULL
102-01197-03,10,38667067,A,G,0/1,144.00,PASS,38666913,38667124,exon,HSD17B7P2,ENSG00000099251,pseudogene,HSD17B7P2-203,ENST00000374560,ENSE00003502745,rs571149853,0.0238199994783,4,38667067,A,G
102-01197-01,5,118877677,C,T,0/1,128.00,PASS,118877600,118877947,exon,HSD17B4,ENSG00000133835,protein_coding,HSD17B4-024,ENST00000503310,ENSE00003547946,rs12714,1.72291006893,2477,118877677,C,T
102-01197-03,16,82068897,T,C,1/1,526.00,PASS,82068879,82069294,exon,HSD17B2,ENSG00000086696,protein_coding,HSD17B2-004,ENST00000566213,ENSE00001184756,rs4445895,9.09243002534,13072,82068897,T,C
102-01197-02,16,82068897,T,C,0/1,121.00,PASS,82068837,82069294,exon,HSD17B2,ENSG00000086696,protein_coding,HSD17B2-001,ENST00000199936,ENSE00002598582,rs4445895,9.09243002534,13072,82068897,T,C
102-01197-02,11,43694708,C,T,0/1,166.00,PASS,43694541,43694793,exon,HSD17B12,ENSG00000149084,protein_coding,HSD17B12-010,ENST00000533358,ENSE00002168359,rs72906858,4.98391985893,837,43694708,C,T
102-01197-01,5,118831460,G,A,0/1,150.00,PASS,118831411,118831508,exon,HSD17B4,ENSG00000133835,protein_coding,HSD17B4-006,ENST00000509514,ENSE00002448272,rs80063787,2.12008003145,3048,118831460,G,A
102-01197-03,11,43877726,A,G,0/1,180.00,PASS,43876694,43878160,exon,HSD17B12,ENSG00000149084,protein_coding,HSD17B12-001,ENST00000278353,ENSE00001182848,rs561907837,0.0119099997391,2,43877726,A,G
102-01197-03,10,38667003,A,G,0/1,135.00,PASS,38666913,38667433,exon,HSD17B7P2,ENSG00000099251,pseudogene,HSD17B7P2-001,ENST00000494540,ENSE00001868396,rs2804622,3.6384999752,5231,38667003,A,G
102-01197-03,4,88238293,T,C,0/1,117.00,PASS,88238244,88238375,exon,HSD17B13,ENSG00000170509,protein_coding,HSD17B13-001,ENST00000328546,ENSE00001175844,rs201763274,0.0208700002986,30,88238293,T,C
102-01197-01,11,43876829,A,G,0/1,165.00,PASS,43876694,43876855,exon,HSD17B12,ENSG00000149084,protein_coding,HSD17B12-005,ENST00000533802,ENSE00002168467,rs11037684,5.47339990735,7869,43876829,A,G
102-01197-01,5,118788196,C,G,0/1,134.00,PASS,118788192,118788328,exon,HSD17B4,ENSG00000133835,protein_coding,HSD17B4-009,ENST00000442060,ENSE00002021057,rs26180,6.72819986939,9673,118788196,C,G
102-01197-03,4,88238293,T,C,0/1,117.00,PASS,88238244,88238375,CDS,HSD17B13,ENSG00000170509,protein_coding,HSD17B13-002,ENST00000302219,NULL,rs201763274,0.0208700002986,30,88238293,T,C
102-01197-03,2,26505915,CT,C,0/1,718.00,PASS,26505872,26505919,CDS,HADHB,ENSG00000138029,protein_coding,HADHB-201,ENST00000537713,NULL,NULL,NULL,NULL,NULL,NULL,NULL
102-01197-02,18,47318683,A,T,0/1,192.00,PASS,47318522,47318697,CDS,ACAA2,ENSG00000167315,protein_coding,ACAA2-003,ENST00000587994,NULL,rs149436920,0.669830013067,963,47318683,A,T
102-01197-02,2,26505915,CT,C,0/1,637.00,PASS,26505872,26505919,exon,HADHB,ENSG00000138029,protein_coding,HADHB-202,ENST00000545822,ENSE00003480534,NULL,NULL,NULL,NULL,NULL,NULL
102-01197-02,18,47318683,A,T,0/1,192.00,PASS,47318522,47318697,exon,ACAA2,ENSG00000167315,protein_coding,ACAA2-007,ENST00000589432,ENSE00001151973,rs149436920,0.669830013067,963,47318683,A,T
102-01197-03,5,118788196,C,G,0/1,194.00,PASS,118788192,118788328,exon,HSD17B4,ENSG00000133835,protein_coding,HSD17B4-002,ENST00000515320,ENSE00002021057,rs26180,6.72819986939,9673,118788196,C,G
102-01197-02,4,88225032,T,TGTTA,0/1,1644.00,PASS,88224941,88226460,exon,HSD17B13,ENSG00000170509,protein_coding,HSD17B13-001,ENST00000328546,ENSE00001333686,rs201024861,0.0119099997391,2,88225032,T,TGTTA
102-01197-03,10,38667003,A,G,0/1,135.00,PASS,38666913,38667035,exon,HSD17B7P2,ENSG00000099251,pseudogene,HSD17B7P2-002,ENST00000471365,ENSE00001834051,rs2804622,3.6384999752,5231,38667003,A,G
102-01197-03,2,26505915,CT,C,0/1,718.00,PASS,26505872,26505919,CDS,HADHB,ENSG00000138029,protein_coding,HADHB-001,ENST00000317799,NULL,NULL,NULL,NULL,NULL,NULL,NULL
102-01197-01,5,118877677,C,T,0/1,128.00,PASS,118877600,118877686,CDS,HSD17B4,ENSG00000133835,protein_coding,HSD17B4-006,ENST00000509514,NULL,rs12714,1.72291006893,2477,118877677,C,T
102-01197-03,2,26505915,CT,C,0/1,718.00,PASS,26505872,26505919,exon,HADHB,ENSG00000138029,protein_coding,HADHB-202,ENST00000545822,ENSE00003480534,NULL,NULL,NULL,NULL,NULL,NULL
102-01197-02,10,38667067,A,G,0/1,205.00,PASS,38666913,38667124,exon,HSD17B7P2,ENSG00000099251,pseudogene,HSD17B7P2-203,ENST00000374560,ENSE00003502745,rs571149853,0.0238199994783,4,38667067,A,G
102-01197-01,11,43876813,A,C,0/1,189.00,PASS,43876694,43876855,exon,HSD17B12,ENSG00000149084,protein_coding,HSD17B12-005,ENST00000533802,ENSE00002168467,rs11037683,5.47549016774,7872,43876813,A,C
102-01197-03,17,40705724,T,G,1/1,245.00,PASS,40705457,40706256,exon,HSD17B1,ENSG00000108786,protein_coding,HSD17B1-003,ENST00000593215,ENSE00002750077,rs610177,6.52023032308,9374,40705724,T,G
102-01197-01,5,118831460,G,A,0/1,150.00,PASS,118831427,118831508,CDS,HSD17B4,ENSG00000133835,protein_coding,HSD17B4-006,ENST00000509514,NULL,rs80063787,2.12008003145,3048,118831460,G,A
102-01197-03,1,162762821,C,CTTT,1/1,41.00,LowGQX;HighREFREP,162762449,162762842,exon,HSD17B7,ENSG00000132196,protein_coding,HSD17B7-005,ENST00000367915,ENSE00001402896,rs59454424,0.0714500027243,12,162762821,C,CTTT
102-01197-01,5,118877677,C,T,0/1,128.00,PASS,118877600,118878027,exon,HSD17B4,ENSG00000133835,protein_coding,HSD17B4-020,ENST00000509606,ENSE00003603107,rs12714,1.72291006893,2477,118877677,C,T
102-01197-01,4,88225032,T,TGTTA,0/1,900.00,PASS,88224941,88226460,exon,HSD17B13,ENSG00000170509,protein_coding,HSD17B13-001,ENST00000328546,ENSE00001333686,rs201024861,0.0119099997391,2,88225032,T,TGTTA
102-01197-01,11,43876813,A,C,0/1,189.00,PASS,43876694,43878160,exon,HSD17B12,ENSG00000149084,protein_coding,HSD17B12-001,ENST00000278353,ENSE00001182848,rs11037683,5.47549016774,7872,43876813,A,C
102-01197-03,10,38667003,A,G,0/1,135.00,PASS,38666913,38667124,exon,HSD17B7P2,ENSG00000099251,pseudogene,HSD17B7P2-203,ENST00000374560,ENSE00003502745,rs2804622,3.6384999752,5231,38667003,A,G
102-01197-01,10,135187096,GCGCCCC,G,0/1,382.00,PASS,135186750,135187193,exon,ECHS1,ENSG00000127884,protein_coding,ECHS1-001,ENST00000368547,ENSE00001447396,rs376187127,4.43610996008,745,135187096,GCGCCCC,G
102-01197-01,11,43876829,A,G,0/1,165.00,PASS,43876694,43877448,exon,HSD17B12,ENSG00000149084,protein_coding,HSD17B12-004,ENST00000533090,ENSE00002162898,rs11037684,5.47339990735,7869,43876829,A,G
102-01197-03,9,98997810,C,T,0/1,115.00,PASS,98997745,98997852,CDS,HSD17B3,ENSG00000130948,protein_coding,HSD17B3-201,ENST00000375262,NULL,rs2066479,7.16570988297,10302,98997810,C,T
102-01197-01,10,38667003,A,G,0/1,131.00,PASS,38666913,38667124,exon,HSD17B7P2,ENSG00000099251,pseudogene,HSD17B7P2-203,ENST00000374560,ENSE00003502745,rs2804622,3.6384999752,5231,38667003,A,G
102-01197-03,18,47318683,A,T,0/1,247.00,PASS,47318522,47318697,CDS,ACAA2,ENSG00000167315,protein_coding,ACAA2-003,ENST00000587994,NULL,rs149436920,0.669830013067,963,47318683,A,T
102-01197-01,3,184911203,G,A,0/1,215.00,PASS,184909758,184911275,exon,EHHADH,ENSG00000113790,protein_coding,EHHADH-002,ENST00000456310,ENSE00001666192,rs144464757,0.0980700016953,141,184911203,G,A
102-01197-02,10,38667067,A,G,0/1,205.00,PASS,38666913,38667433,exon,HSD17B7P2,ENSG00000099251,pseudogene,HSD17B7P2-001,ENST00000494540,ENSE00001868396,rs571149853,0.0238199994783,4,38667067,A,G
102-01197-03,2,26505915,CT,C,0/1,718.00,PASS,26505872,26505919,CDS,HADHB,ENSG00000138029,protein_coding,HADHB-002,ENST00000405867,NULL,NULL,NULL,NULL,NULL,NULL,NULL
102-01197-03,2,26505915,CT,C,0/1,718.00,PASS,26505872,26505919,exon,HADHB,ENSG00000138029,protein_coding,HADHB-003,ENST00000494615,ENSE00003482280,NULL,NULL,NULL,NULL,NULL,NULL
102-01197-02,2,26505915,CT,C,0/1,637.00,PASS,26505872,26505919,CDS,HADHB,ENSG00000138029,protein_coding,HADHB-202,ENST00000545822,NULL,NULL,NULL,NULL,NULL,NULL,NULL
102-01197-03,2,26505915,CT,C,0/1,718.00,PASS,26505872,26505919,exon,HADHB,ENSG00000138029,protein_coding,HADHB-002,ENST00000405867,ENSE00003480534,NULL,NULL,NULL,NULL,NULL,NULL
102-01197-01,5,118877677,C,T,0/1,128.00,PASS,118877600,118878027,exon,HSD17B4,ENSG00000133835,protein_coding,HSD17B4-009,ENST00000442060,ENSE00003603107,rs12714,1.72291006893,2477,118877677,C,T
102-01197-02,4,88312293,A,T,0/1,189.00,PASS,88312013,88312301,exon,HSD17B11,ENSG00000198189,protein_coding,HSD17B11-003,ENST00000507286,ENSE00002087360,rs28654511,7.28743970394,10477,88312293,A,T
102-01197-03,9,99003102,C,T,0/1,192.00,PASS,99003040,99003189,exon,HSD17B3,ENSG00000130948,protein_coding,HSD17B3-003,ENST00000484816,ENSE00003500897,NULL,NULL,NULL,NULL,NULL,NULL
102-01197-03,10,38667067,A,G,0/1,144.00,PASS,38666913,38667124,exon,HSD17B7P2,ENSG00000099251,pseudogene,HSD17B7P2-202,ENST00000356314,ENSE00003466598,rs571149853,0.0238199994783,4,38667067,A,G
102-01197-03,9,98997810,C,T,0/1,115.00,PASS,98997588,98997852,exon,HSD17B3,ENSG00000130948,protein_coding,HSD17B3-001,ENST00000464104,ENSE00003606735,rs2066479,7.16570988297,10302,98997810,C,T
102-01197-03,11,43877726,A,G,0/1,180.00,PASS,43876694,43878160,exon,HSD17B12,ENSG00000149084,protein_coding,HSD17B12-001,ENST00000278353,ENSE00001182848,rs578099036,0.0595499994233,10,43877726,A,G
102-01197-01,5,118871753,G,A,0/1,69.00,PASS,118871465,118872245,exon,HSD17B4,ENSG00000133835,protein_coding,HSD17B4-024,ENST00000503310,ENSE00002019548,rs61093477,8.01476985216,1346,118871753,G,A
102-01197-01,3,184911203,G,A,0/1,215.00,PASS,184910017,184911275,CDS,EHHADH,ENSG00000113790,protein_coding,EHHADH-002,ENST00000456310,NULL,rs144464757,0.0980700016953,141,184911203,G,A
102-01197-03,17,40705724,T,G,1/1,245.00,PASS,40705142,40706069,exon,HSD17B1,ENSG00000108786,protein_coding,HSD17B1-004,ENST00000587280,ENSE00002742368,rs610177,6.52023032308,9374,40705724,T,G
102-01197-02,2,26455127,G,A,0/1,125.00,PASS,26455028,26455147,exon,HADHA,ENSG00000084754,protein_coding,HADHA-001,ENST00000380649,ENSE00000932327,NULL,0.0059499998315,1,26455127,G,A
102-01197-01,11,43876813,A,C,0/1,189.00,PASS,43876694,43878167,exon,HSD17B12,ENSG00000149084,protein_coding,HSD17B12-003,ENST00000525736,ENSE00002201515,rs11037683,5.47549016774,7872,43876813,A,C
102-01197-01,3,184911203,G,A,0/1,215.00,PASS,184910017,184911275,CDS,EHHADH,ENSG00000113790,protein_coding,EHHADH-001,ENST00000231887,NULL,rs144464757,0.0980700016953,141,184911203,G,A
102-01197-01,11,43876002,T,C,0/1,205.00,PASS,43873597,43876414,exon,HSD17B12,ENSG00000149084,protein_coding,HSD17B12-003,ENST00000525736,ENSE00002197486,rs574290595,0.017860000662,3,43876002,T,C
102-01197-02,4,88225032,T,TGTTA,0/1,1644.00,PASS,88224941,88226460,exon,HSD17B13,ENSG00000170509,protein_coding,HSD17B13-002,ENST00000302219,ENSE00001333686,rs201024861,0.0119099997391,2,88225032,T,TGTTA
102-01197-03,2,26505915,CT,C,0/1,718.00,PASS,26505872,26505919,CDS,HADHB,ENSG00000138029,protein_coding,HADHB-202,ENST00000545822,NULL,NULL,NULL,NULL,NULL,NULL,NULL
102-01197-01,5,118877677,C,T,0/1,128.00,PASS,118877600,118878026,exon,HSD17B4,ENSG00000133835,protein_coding,HSD17B4-011,ENST00000509951,ENSE00002072434,rs12714,1.72291006893,2477,118877677,C,T
102-01197-02,2,26505915,CT,C,0/1,637.00,PASS,26505872,26505919,CDS,HADHB,ENSG00000138029,protein_coding,HADHB-002,ENST00000405867,NULL,NULL,NULL,NULL,NULL,NULL,NULL
102-01197-03,3,184911203,G,A,0/1,171.00,PASS,184910017,184911275,CDS,EHHADH,ENSG00000113790,protein_coding,EHHADH-002,ENST00000456310,NULL,rs144464757,0.0980700016953,141,184911203,G,A
102-01197-03,5,118970770,C,T,0/1,186.00,PASS,118970723,118970781,exon,HSD17B4,ENSG00000133835,protein_coding,HSD17B4-008,ENST00000515235,ENSE00003532577,NULL,NULL,NULL,NULL,NULL,NULL
102-01197-01,18,47339364,C,T,0/1,119.00,PASS,47339095,47339412,exon,ACAA2,ENSG00000167315,protein_coding,ACAA2-007,ENST00000589432,ENSE00002782746,rs75954532,8.78290012479,1475,47339364,C,T
102-01197-01,10,38667003,A,G,0/1,131.00,PASS,38666913,38667433,exon,HSD17B7P2,ENSG00000099251,pseudogene,HSD17B7P2-001,ENST00000494540,ENSE00001868396,rs2804622,3.6384999752,5231,38667003,A,G
102-01197-01,5,118877677,C,T,0/1,128.00,PASS,118877600,118877959,exon,HSD17B4,ENSG00000133835,protein_coding,HSD17B4-003,ENST00000504811,ENSE00002057394,rs12714,1.72291006893,2477,118877677,C,T
102-01197-02,9,99003102,C,T,0/1,180.00,PASS,99003040,99003189,exon,HSD17B3,ENSG00000130948,protein_coding,HSD17B3-001,ENST00000464104,ENSE00003500897,NULL,NULL,NULL,NULL,NULL,NULL
102-01197-02,2,26505915,CT,C,0/1,637.00,PASS,26505872,26505919,CDS,HADHB,ENSG00000138029,protein_coding,HADHB-201,ENST00000537713,NULL,NULL,NULL,NULL,NULL,NULL,NULL
102-01197-03,9,98997810,C,T,0/1,115.00,PASS,98997588,98997852,exon,HSD17B3,ENSG00000130948,protein_coding,HSD17B3-004,ENST00000467499,ENSE00003606735,rs2066479,7.16570988297,10302,98997810,C,T
102-01197-03,9,98997810,C,T,0/1,115.00,PASS,98997588,98997852,exon,HSD17B3,ENSG00000130948,protein_coding,HSD17B3-005,ENST00000375263,ENSE00003636684,rs2066479,7.16570988297,10302,98997810,C,T
102-01197-03,18,47318683,A,T,0/1,247.00,PASS,47318522,47318697,CDS,ACAA2,ENSG00000167315,protein_coding,ACAA2-007,ENST00000589432,NULL,rs149436920,0.669830013067,963,47318683,A,T
102-01197-02,2,26505915,CT,C,0/1,637.00,PASS,26505872,26505919,exon,HADHB,ENSG00000138029,protein_coding,HADHB-002,ENST00000405867,ENSE00003480534,NULL,NULL,NULL,NULL,NULL,NULL
102-01197-01,5,118877677,C,T,0/1,128.00,PASS,118877600,118877686,CDS,HSD17B4,ENSG00000133835,protein_coding,HSD17B4-004,ENST00000414835,NULL,rs12714,1.72291006893,2477,118877677,C,T
102-01197-01,11,43876829,A,G,0/1,165.00,PASS,43876694,43878160,exon,HSD17B12,ENSG00000149084,protein_coding,HSD17B12-001,ENST00000278353,ENSE00001182848,rs11037684,5.47339990735,7869,43876829,A,G
102-01197-01,11,43874879,C,T,0/1,47.00,PASS,43873597,43876414,exon,HSD17B12,ENSG00000149084,protein_coding,HSD17B12-003,ENST00000525736,ENSE00002197486,rs12225730,5.15065006912,865,43874879,C,T
102-01197-02,4,88312293,A,T,0/1,189.00,PASS,88312013,88312538,exon,HSD17B11,ENSG00000198189,protein_coding,HSD17B11-001,ENST00000358290,ENSE00001405112,rs28654511,7.28743970394,10477,88312293,A,T
102-01197-01,5,118877677,C,T,0/1,128.00,PASS,118877600,118878027,exon,HSD17B4,ENSG00000133835,protein_coding,HSD17B4-004,ENST00000414835,ENSE00003577354,rs12714,1.72291006893,2477,118877677,C,T
102-01197-02,16,82068897,T,C,0/1,121.00,PASS,82068879,82069294,exon,HSD17B2,ENSG00000086696,protein_coding,HSD17B2-004,ENST00000566213,ENSE00001184756,rs4445895,9.09243002534,13072,82068897,T,C
102-01197-01,4,88238293,T,C,0/1,121.00,PASS,88238244,88238375,exon,HSD17B13,ENSG00000170509,protein_coding,HSD17B13-001,ENST00000328546,ENSE00001175844,rs201763274,0.0208700002986,30,88238293,T,C
102-01197-01,4,88225032,T,TGTTA,0/1,900.00,PASS,88224941,88226460,exon,HSD17B13,ENSG00000170509,protein_coding,HSD17B13-002,ENST00000302219,ENSE00001333686,rs201024861,0.0119099997391,2,88225032,T,TGTTA
102-01197-03,4,88238293,T,C,0/1,117.00,PASS,88238244,88238375,CDS,HSD17B13,ENSG00000170509,protein_coding,HSD17B13-001,ENST00000328546,NULL,rs201763274,0.0208700002986,30,88238293,T,C
102-01197-01,5,118877677,C,T,0/1,128.00,PASS,118877600,118877686,CDS,HSD17B4,ENSG00000133835,protein_coding,HSD17B4-005,ENST00000510025,NULL,rs12714,1.72291006893,2477,118877677,C,T
102-01197-01,11,43876002,T,C,0/1,205.00,PASS,43873597,43876414,exon,HSD17B12,ENSG00000149084,protein_coding,HSD17B12-003,ENST00000525736,ENSE00002197486,rs192566728,0.107180001214,18,43876002,T,C
102-01197-01,17,40702503,G,T,0/1,0.00,LowGQX,40701232,40705048,exon,HSD17B1,ENSG00000108786,protein_coding,HSD17B1-001,ENST00000585807,ENSE00001329245,NULL,NULL,NULL,NULL,NULL,NULL
102-01197-01,10,38667003,A,G,0/1,131.00,PASS,38666913,38667124,exon,HSD17B7P2,ENSG00000099251,pseudogene,HSD17B7P2-202,ENST00000356314,ENSE00003466598,rs2804622,3.6384999752,5231,38667003,A,G
102-01197-03,10,135180430,A,G,1/1,447.00,PASS,135180393,135180497,CDS,ECHS1,ENSG00000127884,protein_coding,ECHS1-001,ENST00000368547,NULL,NULL,0.017860000662,3,135180430,A,G
102-01197-02,2,26455127,G,A,0/1,125.00,PASS,26455070,26455147,exon,HADHA,ENSG00000084754,protein_coding,HADHA-003,ENST00000461025,ENSE00001811525,NULL,0.0059499998315,1,26455127,G,A
102-01197-03,18,47318683,A,T,0/1,247.00,PASS,47318522,47318697,exon,ACAA2,ENSG00000167315,protein_coding,ACAA2-003,ENST00000587994,ENSE00001151973,rs149436920,0.669830013067,963,47318683,A,T
102-01197-02,11,43694708,C,T,0/1,166.00,PASS,43694541,43694832,exon,HSD17B12,ENSG00000149084,protein_coding,HSD17B12-011,ENST00000532989,ENSE00002201669,NULL,0.0059499998315,1,43694708,C,T
102-01197-03,4,88225032,T,TGTTA,0/1,945.00,PASS,88224941,88226460,exon,HSD17B13,ENSG00000170509,protein_coding,HSD17B13-001,ENST00000328546,ENSE00001333686,rs201024861,0.0119099997391,2,88225032,T,TGTTA
102-01197-02,2,26455127,G,A,0/1,125.00,PASS,26455028,26455147,CDS,HADHA,ENSG00000084754,protein_coding,HADHA-001,ENST00000380649,NULL,NULL,0.0059499998315,1,26455127,G,A
102-01197-03,5,118788196,C,G,0/1,194.00,PASS,118788192,118788328,exon,HSD17B4,ENSG00000133835,protein_coding,HSD17B4-009,ENST00000442060,ENSE00002021057,rs26180,6.72819986939,9673,118788196,C,G
102-01197-03,16,82124776,G,T,1/1,555.00,PASS,82124507,82124817,exon,HSD17B2,ENSG00000086696,protein_coding,HSD17B2-005,ENST00000566838,ENSE00002581476,rs187132866,0.0476399989566,8,82124776,G,T
102-01197-01,10,38667003,A,G,0/1,131.00,PASS,38666913,38667035,exon,HSD17B7P2,ENSG00000099251,pseudogene,HSD17B7P2-002,ENST00000471365,ENSE00001834051,rs2804622,3.6384999752,5231,38667003,A,G
102-01197-03,9,99003102,C,T,0/1,192.00,PASS,99003040,99003189,exon,HSD17B3,ENSG00000130948,protein_coding,HSD17B3-001,ENST00000464104,ENSE00003500897,NULL,NULL,NULL,NULL,NULL,NULL
102-01197-03,5,118831460,G,A,0/1,209.00,PASS,118831411,118831508,exon,HSD17B4,ENSG00000133835,protein_coding,HSD17B4-006,ENST00000509514,ENSE00002448272,rs80063787,2.12008003145,3048,118831460,G,A
102-01197-03,5,118788196,C,G,0/1,194.00,PASS,118788168,118788328,exon,HSD17B4,ENSG00000133835,protein_coding,HSD17B4-015,ENST00000511186,ENSE00001820458,rs26180,6.72819986939,9673,118788196,C,G
102-01197-03,11,43877726,A,G,0/1,180.00,PASS,43876694,43878167,exon,HSD17B12,ENSG00000149084,protein_coding,HSD17B12-003,ENST00000525736,ENSE00002201515,rs561907837,0.0119099997391,2,43877726,A,G
102-01197-02,18,47339364,C,T,0/1,100.00,PASS,47339095,47339412,exon,ACAA2,ENSG00000167315,protein_coding,ACAA2-007,ENST00000589432,ENSE00002782746,rs75954532,8.78290012479,1475,47339364,C,T
102-01197-02,2,26505915,CT,C,0/1,637.00,PASS,26505872,26505919,exon,HADHB,ENSG00000138029,protein_coding,HADHB-003,ENST00000494615,ENSE00003482280,NULL,NULL,NULL,NULL,NULL,NULL
102-01197-01,5,118788196,C,G,0/1,134.00,PASS,118788168,118788328,exon,HSD17B4,ENSG00000133835,protein_coding,HSD17B4-015,ENST00000511186,ENSE00001820458,rs26180,6.72819986939,9673,118788196,C,G
102-01197-03,18,47318683,A,T,0/1,247.00,PASS,47318522,47318697,exon,ACAA2,ENSG00000167315,protein_coding,ACAA2-007,ENST00000589432,ENSE00001151973,rs149436920,0.669830013067,963,47318683,A,T
102-01197-01,5,118877677,C,T,0/1,128.00,PASS,118877600,118877686,CDS,HSD17B4,ENSG00000133835,protein_coding,HSD17B4-007,ENST00000513628,NULL,rs12714,1.72291006893,2477,118877677,C,T
102-01197-01,10,38667003,A,G,0/1,131.00,PASS,38666913,38667124,exon,HSD17B7P2,ENSG00000099251,pseudogene,HSD17B7P2-201,ENST00000277668,ENSE00003502745,rs2804622,3.6384999752,5231,38667003,A,G
102-01197-01,5,118788196,C,G,0/1,134.00,PASS,118788138,118788328,exon,HSD17B4,ENSG00000133835,protein_coding,HSD17B4-001,ENST00000256216,ENSE00002062781,rs26180,6.72819986939,9673,118788196,C,G
102-01197-03,10,135180430,A,G,1/1,447.00,PASS,135180393,135180497,exon,ECHS1,ENSG00000127884,protein_coding,ECHS1-001,ENST00000368547,ENSE00000729187,NULL,0.017860000662,3,135180430,A,G
102-01197-01,5,118877677,C,T,0/1,128.00,PASS,118877600,118877869,exon,HSD17B4,ENSG00000133835,protein_coding,HSD17B4-007,ENST00000513628,ENSE00002051267,rs12714,1.72291006893,2477,118877677,C,T
102-01197-03,9,98997810,C,T,0/1,115.00,PASS,98997742,98997852,exon,HSD17B3,ENSG00000130948,protein_coding,HSD17B3-201,ENST00000375262,ENSE00000895678,rs2066479,7.16570988297,10302,98997810,C,T
102-01197-02,4,88312293,A,T,0/1,189.00,PASS,88312013,88312340,exon,HSD17B11,ENSG00000198189,protein_coding,HSD17B11-008,ENST00000508413,ENSE00002057373,rs28654511,7.28743970394,10477,88312293,A,T
102-01197-03,10,38667067,A,G,0/1,144.00,PASS,38666913,38667433,exon,HSD17B7P2,ENSG00000099251,pseudogene,HSD17B7P2-001,ENST00000494540,ENSE00001868396,rs571149853,0.0238199994783,4,38667067,A,G
102-01197-03,3,184911203,G,A,0/1,171.00,PASS,184910017,184911275,CDS,EHHADH,ENSG00000113790,protein_coding,EHHADH-001,ENST00000231887,NULL,rs144464757,0.0980700016953,141,184911203,G,A
102-01197-03,4,88238293,T,C,0/1,117.00,PASS,88238244,88238375,exon,HSD17B13,ENSG00000170509,protein_coding,HSD17B13-002,ENST00000302219,ENSE00001175844,rs201763274,0.0208700002986,30,88238293,T,C
102-01197-01,5,118877677,C,T,0/1,128.00,PASS,118877600,118877947,exon,HSD17B4,ENSG00000133835,protein_coding,HSD17B4-002,ENST00000515320,ENSE00003611094,rs12714,1.72291006893,2477,118877677,C,T
102-01197-02,11,43694708,C,T,0/1,166.00,PASS,43694541,43694812,exon,HSD17B12,ENSG00000149084,protein_coding,HSD17B12-008,ENST00000526615,ENSE00002152962,rs72906858,4.98391985893,837,43694708,C,T
102-01197-02,18,47318683,A,T,0/1,192.00,PASS,47318522,47318697,CDS,ACAA2,ENSG00000167315,protein_coding,ACAA2-007,ENST00000589432,NULL,rs149436920,0.669830013067,963,47318683,A,T
